sale_time,purchaser_gender
2012-10-22 01:07:17,female
2012-10-22 01:58:49,female
2012-10-22 02:23:55,female
2012-10-22 02:26:58,female
2012-10-22 02:31:35,female
2012-10-22 02:34:53,female
2012-10-22 02:51:55,female
2012-10-22 03:06:14,female
2012-10-22 03:18:50,female
2012-10-22 03:24:05,female
2012-10-22 03:32:34,female
2012-10-22 03:34:06,female
2012-10-22 03:59:11,female
2012-10-22 04:02:36,female
2012-10-22 04:10:16,female
2012-10-22 04:16:46,female
2012-10-22 04:17:48,female
2012-10-22 04:21:09,female
2012-10-22 04:36:20,female
2012-10-22 04:46:54,male
2012-10-22 04:48:28,female
2012-10-22 04:57:20,male
2012-10-22 05:06:50,female
2012-10-22 05:09:20,female
2012-10-22 05:24:34,female
2012-10-22 05:26:40,male
2012-10-22 05:27:38,male
2012-10-22 05:30:16,female
2012-10-22 05:37:04,male
2012-10-22 05:38:21,female
2012-10-22 05:44:35,male
2012-10-22 05:48:00,female
2012-10-22 06:00:34,female
2012-10-22 06:01:02,female
2012-10-22 06:01:39,female
2012-10-22 06:05:50,female
2012-10-22 06:07:01,female
2012-10-22 06:10:27,female
2012-10-22 06:11:43,female
2012-10-22 06:12:49,female
2012-10-22 06:17:08,female
2012-10-22 06:21:56,female
2012-10-22 06:22:07,female
2012-10-22 06:27:33,female
2012-10-22 06:28:44,female
2012-10-22 06:30:39,female
2012-10-22 06:31:36,female
2012-10-22 06:32:32,female
2012-10-22 06:37:21,female
2012-10-22 06:42:40,female
2012-10-22 06:45:17,female
2012-10-22 06:47:07,female
2012-10-22 06:47:26,female
2012-10-22 06:47:27,female
2012-10-22 06:55:53,male
2012-10-22 07:00:49,female
2012-10-22 07:02:20,female
2012-10-22 07:05:32,female
2012-10-22 07:08:15,female
2012-10-22 07:14:16,female
2012-10-22 07:15:26,female
2012-10-22 07:21:01,male
2012-10-22 07:25:51,female
2012-10-22 07:28:21,female
2012-10-22 07:30:51,female
2012-10-22 07:34:04,male
2012-10-22 07:35:48,female
2012-10-22 07:37:46,female
2012-10-22 07:38:49,female
2012-10-22 07:46:40,male
2012-10-22 07:46:44,female
2012-10-22 07:49:03,male
2012-10-22 07:50:39,male
2012-10-22 07:53:13,female
2012-10-22 07:57:42,female
2012-10-22 08:02:16,female
2012-10-22 08:08:13,male
2012-10-22 08:11:24,female
2012-10-22 08:16:27,female
2012-10-22 08:16:52,female
2012-10-22 08:24:02,male
2012-10-22 08:24:23,female
2012-10-22 08:26:01,female
2012-10-22 08:27:41,male
2012-10-22 08:28:15,female
2012-10-22 08:28:31,female
2012-10-22 08:32:28,female
2012-10-22 08:35:14,female
2012-10-22 08:35:55,female
2012-10-22 08:38:36,female
2012-10-22 08:43:00,female
2012-10-22 08:43:54,male
2012-10-22 08:44:31,female
2012-10-22 08:48:18,female
2012-10-22 08:49:16,female
2012-10-22 08:49:29,female
2012-10-22 08:50:08,female
2012-10-22 08:53:59,male
2012-10-22 08:57:09,male
2012-10-22 08:59:05,female
2012-10-22 09:00:31,female
2012-10-22 09:02:43,male
2012-10-22 09:03:07,female
2012-10-22 09:03:29,female
2012-10-22 09:03:47,female
2012-10-22 09:04:08,female
2012-10-22 09:04:23,female
2012-10-22 09:05:56,male
2012-10-22 09:07:53,female
2012-10-22 09:08:47,male
2012-10-22 09:11:37,male
2012-10-22 09:11:53,male
2012-10-22 09:12:21,female
2012-10-22 09:12:55,male
2012-10-22 09:15:13,female
2012-10-22 09:17:44,female
2012-10-22 09:22:31,male
2012-10-22 09:23:58,female
2012-10-22 09:30:11,male
2012-10-22 09:34:07,female
2012-10-22 09:36:08,female
2012-10-22 09:43:21,male
2012-10-22 09:45:05,female
2012-10-22 09:45:35,female
2012-10-22 09:47:16,male
2012-10-22 09:47:55,female
2012-10-22 09:48:31,male
2012-10-22 09:49:19,male
2012-10-22 09:51:07,male
2012-10-22 09:55:15,female
2012-10-22 09:56:24,female
2012-10-22 09:59:06,male
2012-10-22 10:01:28,female
2012-10-22 10:01:37,female
2012-10-22 10:02:09,female
2012-10-22 10:03:08,female
2012-10-22 10:03:14,female
2012-10-22 10:03:37,female
2012-10-22 10:06:49,female
2012-10-22 10:07:55,female
2012-10-22 10:08:10,female
2012-10-22 10:08:17,female
2012-10-22 10:08:57,female
2012-10-22 10:09:27,male
2012-10-22 10:10:23,female
2012-10-22 10:12:19,female
2012-10-22 10:18:57,male
2012-10-22 10:20:20,male
2012-10-22 10:21:28,female
2012-10-22 10:28:30,male
2012-10-22 10:28:38,female
2012-10-22 10:29:50,male
2012-10-22 10:33:04,female
2012-10-22 10:35:00,male
2012-10-22 10:37:51,female
2012-10-22 10:37:55,female
2012-10-22 10:41:49,female
2012-10-22 10:44:05,female
2012-10-22 10:45:15,female
2012-10-22 10:51:09,female
2012-10-22 10:52:55,female
2012-10-22 10:53:16,female
2012-10-22 10:55:20,female
2012-10-22 10:58:01,female
2012-10-22 10:58:02,male
2012-10-22 11:02:25,female
2012-10-22 11:03:21,female
2012-10-22 11:04:13,female
2012-10-22 11:05:58,female
2012-10-22 11:08:50,female
2012-10-22 11:13:02,male
2012-10-22 11:18:45,female
2012-10-22 11:19:23,female
2012-10-22 11:21:47,female
2012-10-22 11:22:31,female
2012-10-22 11:24:03,female
2012-10-22 11:24:36,female
2012-10-22 11:25:01,female
2012-10-22 11:31:31,female
2012-10-22 11:34:39,female
2012-10-22 11:34:52,female
2012-10-22 11:35:27,female
2012-10-22 11:38:22,male
2012-10-22 11:41:59,female
2012-10-22 11:47:13,male
2012-10-22 11:48:08,female
2012-10-22 11:48:58,female
2012-10-22 11:49:54,female
2012-10-22 11:50:14,female
2012-10-22 11:50:55,female
2012-10-22 11:51:41,female
2012-10-22 11:52:30,female
2012-10-22 11:53:06,male
2012-10-22 11:53:12,female
2012-10-22 11:56:04,female
2012-10-22 11:58:25,male
2012-10-22 12:01:10,female
2012-10-22 12:01:57,female
2012-10-22 12:04:51,female
2012-10-22 12:05:19,female
2012-10-22 12:10:46,female
2012-10-22 12:17:06,female
2012-10-22 12:17:46,male
2012-10-22 12:18:32,female
2012-10-22 12:19:14,male
2012-10-22 12:21:41,female
2012-10-22 12:24:14,female
2012-10-22 12:28:26,male
2012-10-22 12:29:16,female
2012-10-22 12:29:22,female
2012-10-22 12:34:24,female
2012-10-22 12:37:54,male
2012-10-22 12:39:16,male
2012-10-22 12:40:08,female
2012-10-22 12:45:36,female
2012-10-22 12:46:39,female
2012-10-22 12:49:19,female
2012-10-22 12:50:53,female
2012-10-22 12:51:41,male
2012-10-22 12:53:02,female
2012-10-22 12:53:17,female
2012-10-22 12:55:27,male
2012-10-22 12:59:15,female
2012-10-22 12:59:28,male
2012-10-22 13:01:29,female
2012-10-22 13:02:21,female
2012-10-22 13:06:24,male
2012-10-22 13:06:42,male
2012-10-22 13:10:38,female
2012-10-22 13:10:40,female
2012-10-22 13:12:14,male
2012-10-22 13:12:52,female
2012-10-22 13:14:24,female
2012-10-22 13:14:27,female
2012-10-22 13:16:02,female
2012-10-22 13:18:34,female
2012-10-22 13:19:08,male
2012-10-22 13:19:40,female
2012-10-22 13:24:39,female
2012-10-22 13:25:26,female
2012-10-22 13:26:23,female
2012-10-22 13:27:34,female
2012-10-22 13:29:56,male
2012-10-22 13:30:02,female
2012-10-22 13:30:44,male
2012-10-22 13:31:27,female
2012-10-22 13:32:56,female
2012-10-22 13:33:24,female
2012-10-22 13:39:23,female
2012-10-22 13:40:44,female
2012-10-22 13:40:49,male
2012-10-22 13:41:54,female
2012-10-22 13:43:45,male
2012-10-22 13:44:14,female
2012-10-22 13:46:06,female
2012-10-22 13:46:47,female
2012-10-22 13:52:48,female
2012-10-22 13:59:10,female
2012-10-22 14:06:31,male
2012-10-22 14:07:52,male
2012-10-22 14:08:26,female
2012-10-22 14:11:38,female
2012-10-22 14:11:56,female
2012-10-22 14:12:16,female
2012-10-22 14:15:12,female
2012-10-22 14:17:01,female
2012-10-22 14:19:10,female
2012-10-22 14:21:26,female
2012-10-22 14:25:20,male
2012-10-22 14:25:49,female
2012-10-22 14:25:53,female
2012-10-22 14:26:54,female
2012-10-22 14:29:43,female
2012-10-22 14:29:47,female
2012-10-22 14:30:13,male
2012-10-22 14:30:43,male
2012-10-22 14:33:50,female
2012-10-22 14:34:33,female
2012-10-22 14:34:39,male
2012-10-22 14:38:13,female
2012-10-22 14:39:28,female
2012-10-22 14:41:00,male
2012-10-22 14:41:18,female
2012-10-22 14:41:57,male
2012-10-22 14:43:46,female
2012-10-22 14:45:48,female
2012-10-22 14:46:56,female
2012-10-22 14:49:25,male
2012-10-22 14:50:34,male
2012-10-22 14:53:32,female
2012-10-22 14:55:49,female
2012-10-22 14:57:06,female
2012-10-22 14:59:12,female
2012-10-22 15:02:22,female
2012-10-22 15:05:26,female
2012-10-22 15:05:57,female
2012-10-22 15:10:10,female
2012-10-22 15:10:22,male
2012-10-22 15:12:05,female
2012-10-22 15:12:05,male
2012-10-22 15:12:38,female
2012-10-22 15:12:40,female
2012-10-22 15:14:55,female
2012-10-22 15:17:44,male
2012-10-22 15:24:02,female
2012-10-22 15:25:10,male
2012-10-22 15:25:22,female
2012-10-22 15:26:18,female
2012-10-22 15:27:00,female
2012-10-22 15:29:29,male
2012-10-22 15:35:25,male
2012-10-22 15:38:22,female
2012-10-22 15:43:52,male
2012-10-22 15:44:38,female
2012-10-22 15:44:48,female
2012-10-22 15:51:34,female
2012-10-22 15:55:23,female
2012-10-22 15:56:07,male
2012-10-22 15:59:46,female
2012-10-22 16:02:19,female
2012-10-22 16:07:25,female
2012-10-22 16:11:41,male
2012-10-22 16:15:18,male
2012-10-22 16:21:04,female
2012-10-22 16:22:26,female
2012-10-22 16:25:02,male
2012-10-22 16:25:35,male
2012-10-22 16:30:22,female
2012-10-22 16:32:17,female
2012-10-22 16:32:19,female
2012-10-22 16:33:02,female
2012-10-22 16:33:03,female
2012-10-22 16:34:48,male
2012-10-22 16:37:59,male
2012-10-22 16:39:55,female
2012-10-22 16:40:03,female
2012-10-22 16:40:55,female
2012-10-22 16:49:11,female
2012-10-22 16:49:46,female
2012-10-22 16:51:04,female
2012-10-22 16:52:27,male
2012-10-22 16:58:05,male
2012-10-22 16:59:53,female
2012-10-22 17:00:01,male
2012-10-22 17:01:04,female
2012-10-22 17:03:07,female
2012-10-22 17:03:59,female
2012-10-22 17:10:47,female
2012-10-22 17:11:59,female
2012-10-22 17:12:10,female
2012-10-22 17:15:17,female
2012-10-22 17:16:12,male
2012-10-22 17:23:11,female
2012-10-22 17:27:14,male
2012-10-22 17:30:58,female
2012-10-22 17:33:05,female
2012-10-22 17:34:59,female
2012-10-22 17:38:15,female
2012-10-22 17:38:27,female
2012-10-22 17:38:55,female
2012-10-22 17:39:41,male
2012-10-22 17:40:38,female
2012-10-22 17:41:56,female
2012-10-22 17:44:20,female
2012-10-22 17:46:45,female
2012-10-22 17:47:39,female
2012-10-22 17:49:43,female
2012-10-22 17:50:59,male
2012-10-22 17:51:20,male
2012-10-22 17:51:59,female
2012-10-22 17:56:19,female
2012-10-22 17:57:55,female
2012-10-22 17:58:11,female
2012-10-22 17:58:55,female
2012-10-22 18:02:23,female
2012-10-22 18:02:28,female
2012-10-22 18:03:21,female
2012-10-22 18:04:06,male
2012-10-22 18:05:02,male
2012-10-22 18:06:03,female
2012-10-22 18:07:31,female
2012-10-22 18:15:38,female
2012-10-22 18:16:20,female
2012-10-22 18:16:40,male
2012-10-22 18:18:31,female
2012-10-22 18:21:20,male
2012-10-22 18:21:25,female
2012-10-22 18:24:08,male
2012-10-22 18:34:05,female
2012-10-22 18:42:49,female
2012-10-22 18:50:41,female
2012-10-22 18:50:42,male
2012-10-22 18:51:21,female
2012-10-22 18:53:00,female
2012-10-22 18:53:21,female
2012-10-22 19:00:01,female
2012-10-22 19:07:44,male
2012-10-22 19:08:10,female
2012-10-22 19:16:36,female
2012-10-22 19:19:46,female
2012-10-22 19:23:07,female
2012-10-22 19:25:32,female
2012-10-22 19:25:48,female
2012-10-22 19:26:45,female
2012-10-22 19:27:01,female
2012-10-22 19:32:29,female
2012-10-22 19:33:18,female
2012-10-22 19:33:50,female
2012-10-22 19:36:25,female
2012-10-22 19:36:32,female
2012-10-22 19:38:44,female
2012-10-22 19:43:05,male
2012-10-22 19:45:19,male
2012-10-22 19:49:15,female
2012-10-22 19:52:39,female
2012-10-22 19:55:18,female
2012-10-22 19:56:37,female
2012-10-22 20:00:27,female
2012-10-22 20:01:27,female
2012-10-22 20:02:51,female
2012-10-22 20:05:01,female
2012-10-22 20:09:50,female
2012-10-22 20:12:10,female
2012-10-22 20:12:12,female
2012-10-22 20:13:58,female
2012-10-22 20:17:19,female
2012-10-22 20:17:40,female
2012-10-22 20:18:35,male
2012-10-22 20:26:21,female
2012-10-22 20:27:27,female
2012-10-22 20:27:28,female
2012-10-22 20:30:38,female
2012-10-22 20:30:47,male
2012-10-22 20:33:19,female
2012-10-22 20:33:32,female
2012-10-22 20:33:56,female
2012-10-22 20:34:00,female
2012-10-22 20:38:33,female
2012-10-22 20:40:18,female
2012-10-22 20:43:53,female
2012-10-22 20:47:38,male
2012-10-22 20:49:38,male
2012-10-22 20:50:54,female
2012-10-22 20:56:18,female
2012-10-22 20:59:49,female
2012-10-22 21:00:12,female
2012-10-22 21:01:23,female
2012-10-22 21:01:37,male
2012-10-22 21:02:04,female
2012-10-22 21:02:07,male
2012-10-22 21:05:59,female
2012-10-22 21:08:01,female
2012-10-22 21:09:40,female
2012-10-22 21:12:11,female
2012-10-22 21:19:47,female
2012-10-22 21:28:49,female
2012-10-22 21:32:24,male
2012-10-22 21:37:35,female
2012-10-22 21:42:48,male
2012-10-22 21:46:48,female
2012-10-22 21:49:14,female
2012-10-22 21:51:17,female
2012-10-22 21:54:04,male
2012-10-22 22:05:51,female
2012-10-22 22:11:18,male
2012-10-22 22:28:12,female
2012-10-22 22:34:41,female
2012-10-22 22:37:36,female
2012-10-22 22:42:02,female
2012-10-22 22:43:05,female
2012-10-22 22:50:08,female
2012-10-22 22:58:10,female
2012-10-22 23:02:07,female
2012-10-22 23:05:11,female
2012-10-22 23:16:13,female
2012-10-22 23:17:51,female
2012-10-22 23:30:26,male
2012-10-23 00:49:45,male
2012-10-23 00:53:06,female
2012-10-23 01:08:12,female
2012-10-23 01:15:08,female
2012-10-23 01:29:29,female
2012-10-23 01:51:05,female
2012-10-23 02:14:45,male
2012-10-23 02:32:50,female
2012-10-23 03:00:21,female
2012-10-23 03:20:03,female
2012-10-23 03:23:33,female
2012-10-23 04:00:12,female
2012-10-23 04:04:58,female
2012-10-23 04:11:51,female
2012-10-23 04:19:36,male
2012-10-23 04:27:05,female
2012-10-23 04:41:20,female
2012-10-23 04:42:41,female
2012-10-23 04:44:19,male
2012-10-23 04:52:24,female
2012-10-23 04:54:38,female
2012-10-23 05:01:42,female
2012-10-23 05:11:30,male
2012-10-23 05:17:52,female
2012-10-23 05:18:51,female
2012-10-23 05:23:01,female
2012-10-23 05:25:58,female
2012-10-23 05:28:01,female
2012-10-23 05:31:17,female
2012-10-23 05:34:02,female
2012-10-23 05:35:14,male
2012-10-23 05:37:52,female
2012-10-23 05:40:23,male
2012-10-23 05:47:24,female
2012-10-23 05:48:57,female
2012-10-23 05:51:04,female
2012-10-23 05:56:58,male
2012-10-23 05:57:05,female
2012-10-23 06:02:10,female
2012-10-23 06:03:13,male
2012-10-23 06:07:11,female
2012-10-23 06:07:16,female
2012-10-23 06:10:45,female
2012-10-23 06:13:34,female
2012-10-23 06:16:36,female
2012-10-23 06:25:20,male
2012-10-23 06:39:01,male
2012-10-23 06:39:02,female
2012-10-23 06:40:55,female
2012-10-23 06:46:15,male
2012-10-23 06:49:49,female
2012-10-23 06:52:37,female
2012-10-23 07:01:23,female
2012-10-23 07:03:48,male
2012-10-23 07:08:14,male
2012-10-23 07:08:17,male
2012-10-23 07:08:40,female
2012-10-23 07:13:49,female
2012-10-23 07:15:24,female
2012-10-23 07:18:11,female
2012-10-23 07:18:50,female
2012-10-23 07:21:08,male
2012-10-23 07:21:12,male
2012-10-23 07:21:53,male
2012-10-23 07:22:27,female
2012-10-23 07:25:08,female
2012-10-23 07:26:05,female
2012-10-23 07:29:05,male
2012-10-23 07:32:53,female
2012-10-23 07:34:07,female
2012-10-23 07:34:21,female
2012-10-23 07:35:52,male
2012-10-23 07:37:27,female
2012-10-23 07:44:22,female
2012-10-23 07:45:03,female
2012-10-23 07:50:19,female
2012-10-23 07:52:52,female
2012-10-23 07:53:27,male
2012-10-23 07:53:49,male
2012-10-23 07:53:57,male
2012-10-23 07:56:24,female
2012-10-23 07:58:30,female
2012-10-23 08:00:30,male
2012-10-23 08:02:07,female
2012-10-23 08:03:34,female
2012-10-23 08:09:39,female
2012-10-23 08:10:40,female
2012-10-23 08:20:02,female
2012-10-23 08:21:58,female
2012-10-23 08:23:37,female
2012-10-23 08:24:23,female
2012-10-23 08:35:21,male
2012-10-23 08:41:03,female
2012-10-23 08:41:43,male
2012-10-23 08:41:47,female
2012-10-23 08:43:54,female
2012-10-23 08:45:43,female
2012-10-23 08:52:01,female
2012-10-23 08:54:38,male
2012-10-23 08:56:01,female
2012-10-23 08:57:43,male
2012-10-23 08:57:44,female
2012-10-23 09:03:21,male
2012-10-23 09:04:01,female
2012-10-23 09:11:55,female
2012-10-23 09:12:14,male
2012-10-23 09:14:58,female
2012-10-23 09:19:55,female
2012-10-23 09:20:30,female
2012-10-23 09:20:58,female
2012-10-23 09:21:24,male
2012-10-23 09:26:47,female
2012-10-23 09:32:41,female
2012-10-23 09:33:19,female
2012-10-23 09:38:35,female
2012-10-23 09:39:46,male
2012-10-23 09:40:11,female
2012-10-23 09:40:38,male
2012-10-23 09:41:44,female
2012-10-23 09:43:05,female
2012-10-23 09:43:52,female
2012-10-23 09:50:01,female
2012-10-23 09:53:33,female
2012-10-23 09:53:41,female
2012-10-23 09:54:49,female
2012-10-23 09:57:26,female
2012-10-23 09:57:37,male
2012-10-23 10:00:19,female
2012-10-23 10:01:08,female
2012-10-23 10:01:21,female
2012-10-23 10:15:31,female
2012-10-23 10:16:11,female
2012-10-23 10:16:23,female
2012-10-23 10:16:39,female
2012-10-23 10:16:39,female
2012-10-23 10:21:54,male
2012-10-23 10:22:25,female
2012-10-23 10:22:49,female
2012-10-23 10:25:59,male
2012-10-23 10:27:34,female
2012-10-23 10:34:55,female
2012-10-23 10:35:12,female
2012-10-23 10:38:15,male
2012-10-23 10:40:58,male
2012-10-23 10:44:31,male
2012-10-23 10:44:41,male
2012-10-23 10:49:23,female
2012-10-23 10:54:13,female
2012-10-23 10:54:58,female
2012-10-23 10:55:35,female
2012-10-23 10:56:58,female
2012-10-23 10:57:27,female
2012-10-23 11:02:12,female
2012-10-23 11:08:54,female
2012-10-23 11:10:06,female
2012-10-23 11:12:52,female
2012-10-23 11:14:40,female
2012-10-23 11:15:47,female
2012-10-23 11:18:59,female
2012-10-23 11:21:11,male
2012-10-23 11:25:02,male
2012-10-23 11:25:32,male
2012-10-23 11:26:21,female
2012-10-23 11:41:27,male
2012-10-23 11:42:00,female
2012-10-23 11:43:22,female
2012-10-23 11:43:29,male
2012-10-23 11:43:41,female
2012-10-23 11:48:36,female
2012-10-23 11:53:18,female
2012-10-23 11:55:11,female
2012-10-23 11:56:30,female
2012-10-23 11:57:28,male
2012-10-23 11:58:23,female
2012-10-23 12:00:39,female
2012-10-23 12:02:44,male
2012-10-23 12:02:45,female
2012-10-23 12:07:38,female
2012-10-23 12:07:59,female
2012-10-23 12:11:58,male
2012-10-23 12:13:43,female
2012-10-23 12:14:26,male
2012-10-23 12:23:01,female
2012-10-23 12:24:56,male
2012-10-23 12:25:11,male
2012-10-23 12:28:02,male
2012-10-23 12:28:37,female
2012-10-23 12:32:01,female
2012-10-23 12:38:06,female
2012-10-23 12:39:11,female
2012-10-23 12:41:31,female
2012-10-23 12:42:56,female
2012-10-23 12:44:26,male
2012-10-23 12:50:36,female
2012-10-23 12:51:08,male
2012-10-23 12:51:39,male
2012-10-23 12:55:20,female
2012-10-23 12:55:22,female
2012-10-23 12:55:39,female
2012-10-23 12:57:21,female
2012-10-23 12:58:20,female
2012-10-23 12:59:35,female
2012-10-23 13:02:30,female
2012-10-23 13:05:03,male
2012-10-23 13:05:56,female
2012-10-23 13:07:29,female
2012-10-23 13:09:15,female
2012-10-23 13:10:49,female
2012-10-23 13:13:28,male
2012-10-23 13:13:39,female
2012-10-23 13:15:57,female
2012-10-23 13:18:01,female
2012-10-23 13:25:07,female
2012-10-23 13:26:26,male
2012-10-23 13:27:29,female
2012-10-23 13:31:50,male
2012-10-23 13:32:03,female
2012-10-23 13:33:10,female
2012-10-23 13:33:21,male
2012-10-23 13:40:33,male
2012-10-23 13:42:05,female
2012-10-23 13:43:00,female
2012-10-23 13:44:01,female
2012-10-23 13:54:03,female
2012-10-23 13:56:33,male
2012-10-23 13:56:38,female
2012-10-23 13:58:14,female
2012-10-23 14:00:01,female
2012-10-23 14:01:24,female
2012-10-23 14:04:15,female
2012-10-23 14:07:24,female
2012-10-23 14:07:58,female
2012-10-23 14:08:13,male
2012-10-23 14:08:19,male
2012-10-23 14:08:42,female
2012-10-23 14:13:41,female
2012-10-23 14:16:40,female
2012-10-23 14:18:43,female
2012-10-23 14:19:17,female
2012-10-23 14:20:50,female
2012-10-23 14:21:45,female
2012-10-23 14:22:25,female
2012-10-23 14:24:56,female
2012-10-23 14:25:08,female
2012-10-23 14:26:37,female
2012-10-23 14:29:36,female
2012-10-23 14:30:05,female
2012-10-23 14:31:48,male
2012-10-23 14:32:27,female
2012-10-23 14:33:35,female
2012-10-23 14:34:03,female
2012-10-23 14:34:06,female
2012-10-23 14:36:06,female
2012-10-23 14:36:46,female
2012-10-23 14:41:45,female
2012-10-23 14:43:04,female
2012-10-23 14:44:03,female
2012-10-23 14:46:02,male
2012-10-23 14:50:05,female
2012-10-23 14:51:26,female
2012-10-23 14:53:15,female
2012-10-23 14:53:33,female
2012-10-23 14:59:31,female
2012-10-23 15:01:08,female
2012-10-23 15:02:23,male
2012-10-23 15:03:46,female
2012-10-23 15:07:43,female
2012-10-23 15:08:32,female
2012-10-23 15:09:05,female
2012-10-23 15:10:11,male
2012-10-23 15:13:12,female
2012-10-23 15:13:15,female
2012-10-23 15:15:41,female
2012-10-23 15:16:57,female
2012-10-23 15:17:35,male
2012-10-23 15:18:25,male
2012-10-23 15:18:40,female
2012-10-23 15:18:43,female
2012-10-23 15:18:45,female
2012-10-23 15:19:38,female
2012-10-23 15:25:16,female
2012-10-23 15:25:17,female
2012-10-23 15:25:40,female
2012-10-23 15:28:24,female
2012-10-23 15:30:43,female
2012-10-23 15:35:31,female
2012-10-23 15:36:25,female
2012-10-23 15:38:43,female
2012-10-23 15:42:21,male
2012-10-23 15:44:18,male
2012-10-23 15:45:35,female
2012-10-23 15:45:57,female
2012-10-23 15:46:25,female
2012-10-23 15:49:26,female
2012-10-23 15:51:24,female
2012-10-23 15:51:30,female
2012-10-23 15:54:18,female
2012-10-23 15:54:22,female
2012-10-23 15:55:13,female
2012-10-23 15:56:13,female
2012-10-23 15:59:56,female
2012-10-23 16:04:17,female
2012-10-23 16:04:44,female
2012-10-23 16:09:57,female
2012-10-23 16:11:07,female
2012-10-23 16:12:38,female
2012-10-23 16:13:11,female
2012-10-23 16:16:02,male
2012-10-23 16:17:36,female
2012-10-23 16:18:43,male
2012-10-23 16:20:05,female
2012-10-23 16:20:57,female
2012-10-23 16:21:12,male
2012-10-23 16:26:13,female
2012-10-23 16:26:50,female
2012-10-23 16:35:25,female
2012-10-23 16:35:30,female
2012-10-23 16:38:50,male
2012-10-23 16:42:49,female
2012-10-23 16:44:12,female
2012-10-23 16:44:50,female
2012-10-23 16:45:10,female
2012-10-23 16:54:40,male
2012-10-23 16:55:07,female
2012-10-23 16:55:54,female
2012-10-23 17:00:33,female
2012-10-23 17:02:41,female
2012-10-23 17:09:17,male
2012-10-23 17:09:26,female
2012-10-23 17:11:16,female
2012-10-23 17:13:36,female
2012-10-23 17:14:57,female
2012-10-23 17:15:28,female
2012-10-23 17:15:48,male
2012-10-23 17:16:34,female
2012-10-23 17:22:10,female
2012-10-23 17:22:27,female
2012-10-23 17:22:57,female
2012-10-23 17:25:29,female
2012-10-23 17:28:50,female
2012-10-23 17:34:00,female
2012-10-23 17:34:30,female
2012-10-23 17:34:49,female
2012-10-23 17:37:01,female
2012-10-23 17:38:29,female
2012-10-23 17:39:31,female
2012-10-23 17:40:06,female
2012-10-23 17:40:26,female
2012-10-23 17:40:36,male
2012-10-23 17:44:32,female
2012-10-23 17:45:15,female
2012-10-23 17:48:24,female
2012-10-23 17:50:29,female
2012-10-23 17:53:11,female
2012-10-23 17:53:19,female
2012-10-23 17:54:23,female
2012-10-23 18:01:21,male
2012-10-23 18:02:37,male
2012-10-23 18:02:44,female
2012-10-23 18:03:11,female
2012-10-23 18:05:41,female
2012-10-23 18:06:44,female
2012-10-23 18:06:47,male
2012-10-23 18:09:47,female
2012-10-23 18:10:42,female
2012-10-23 18:11:45,female
2012-10-23 18:17:13,female
2012-10-23 18:22:07,female
2012-10-23 18:22:28,female
2012-10-23 18:23:37,female
2012-10-23 18:23:41,female
2012-10-23 18:27:56,female
2012-10-23 18:29:30,male
2012-10-23 18:33:46,female
2012-10-23 18:34:56,female
2012-10-23 18:35:14,male
2012-10-23 18:38:25,female
2012-10-23 18:38:51,female
2012-10-23 18:40:20,female
2012-10-23 18:41:57,female
2012-10-23 18:42:20,male
2012-10-23 18:44:03,female
2012-10-23 18:44:35,female
2012-10-23 18:44:51,male
2012-10-23 18:45:32,male
2012-10-23 18:45:54,female
2012-10-23 18:45:56,male
2012-10-23 18:53:15,female
2012-10-23 18:54:34,female
2012-10-23 18:59:09,female
2012-10-23 19:02:30,female
2012-10-23 19:05:28,female
2012-10-23 19:08:11,female
2012-10-23 19:11:08,female
2012-10-23 19:17:21,female
2012-10-23 19:17:25,female
2012-10-23 19:17:34,female
2012-10-23 19:20:33,female
2012-10-23 19:20:45,female
2012-10-23 19:25:26,female
2012-10-23 19:28:11,female
2012-10-23 19:28:35,female
2012-10-23 19:30:43,female
2012-10-23 19:30:47,female
2012-10-23 19:30:48,male
2012-10-23 19:34:06,female
2012-10-23 19:34:51,female
2012-10-23 19:36:41,female
2012-10-23 19:37:28,female
2012-10-23 19:38:45,female
2012-10-23 19:38:51,male
2012-10-23 19:38:58,male
2012-10-23 19:42:13,female
2012-10-23 19:44:19,female
2012-10-23 19:44:34,male
2012-10-23 19:46:15,female
2012-10-23 19:48:57,female
2012-10-23 19:55:45,male
2012-10-23 19:58:04,female
2012-10-23 20:02:28,female
2012-10-23 20:07:56,male
2012-10-23 20:10:17,female
2012-10-23 20:14:39,female
2012-10-23 20:16:06,male
2012-10-23 20:17:31,female
2012-10-23 20:18:33,male
2012-10-23 20:18:54,female
2012-10-23 20:19:07,male
2012-10-23 20:21:03,female
2012-10-23 20:26:03,female
2012-10-23 20:26:12,female
2012-10-23 20:29:35,female
2012-10-23 20:32:12,female
2012-10-23 20:45:43,female
2012-10-23 20:45:58,female
2012-10-23 20:49:37,female
2012-10-23 20:54:31,female
2012-10-23 20:59:28,female
2012-10-23 21:05:22,female
2012-10-23 21:07:48,female
2012-10-23 21:15:22,female
2012-10-23 21:25:52,male
2012-10-23 21:29:41,female
2012-10-23 21:35:48,female
2012-10-23 21:38:35,female
2012-10-23 21:38:47,female
2012-10-23 21:39:41,female
2012-10-23 21:40:17,female
2012-10-23 21:41:58,male
2012-10-23 21:42:33,male
2012-10-23 21:46:43,female
2012-10-23 21:50:21,female
2012-10-23 21:53:18,male
2012-10-23 21:57:50,female
2012-10-23 21:58:19,male
2012-10-23 22:03:41,female
2012-10-23 22:06:07,female
2012-10-23 22:08:37,male
2012-10-23 22:11:05,male
2012-10-23 22:13:31,female
2012-10-23 22:14:10,male
2012-10-23 22:15:14,female
2012-10-23 22:20:04,female
2012-10-23 22:20:16,female
2012-10-23 22:20:37,female
2012-10-23 22:26:02,female
2012-10-23 22:28:42,female
2012-10-23 22:30:31,female
2012-10-23 22:35:26,female
2012-10-23 22:45:17,female
2012-10-23 22:47:16,female
2012-10-23 22:49:14,female
2012-10-23 22:55:45,male
2012-10-23 23:06:56,female
2012-10-23 23:31:29,female
2012-10-24 01:42:16,female
2012-10-24 01:55:18,female
2012-10-24 01:57:37,female
2012-10-24 02:05:26,female
2012-10-24 02:12:53,female
2012-10-24 02:29:12,male
2012-10-24 02:34:14,female
2012-10-24 02:36:49,male
2012-10-24 02:38:31,male
2012-10-24 02:47:09,male
2012-10-24 02:53:51,female
2012-10-24 03:08:41,male
2012-10-24 03:11:19,male
2012-10-24 03:15:22,male
2012-10-24 03:29:21,female
2012-10-24 03:51:13,male
2012-10-24 03:56:14,male
2012-10-24 04:03:43,female
2012-10-24 04:07:25,female
2012-10-24 04:17:14,female
2012-10-24 04:19:19,male
2012-10-24 04:19:56,male
2012-10-24 04:20:59,male
2012-10-24 04:22:28,female
2012-10-24 04:25:13,female
2012-10-24 04:25:13,female
2012-10-24 04:30:25,female
2012-10-24 04:35:01,female
2012-10-24 04:44:28,female
2012-10-24 04:44:49,female
2012-10-24 04:46:29,female
2012-10-24 04:52:22,female
2012-10-24 04:56:21,male
2012-10-24 04:57:39,female
2012-10-24 04:58:24,female
2012-10-24 04:59:21,female
2012-10-24 05:00:52,female
2012-10-24 05:02:38,female
2012-10-24 05:03:45,male
2012-10-24 05:09:01,female
2012-10-24 05:11:03,male
2012-10-24 05:15:42,female
2012-10-24 05:21:22,male
2012-10-24 05:29:28,male
2012-10-24 05:30:42,female
2012-10-24 05:36:36,male
2012-10-24 05:41:14,female
2012-10-24 05:43:53,female
2012-10-24 05:48:26,female
2012-10-24 05:52:36,female
2012-10-24 05:58:37,female
2012-10-24 05:59:50,female
2012-10-24 06:02:55,female
2012-10-24 06:10:45,female
2012-10-24 06:12:10,male
2012-10-24 06:12:27,male
2012-10-24 06:14:01,female
2012-10-24 06:16:11,female
2012-10-24 06:17:37,male
2012-10-24 06:18:54,female
2012-10-24 06:20:29,female
2012-10-24 06:27:19,female
2012-10-24 06:28:53,male
2012-10-24 06:28:58,male
2012-10-24 06:35:50,female
2012-10-24 06:39:07,male
2012-10-24 06:42:33,female
2012-10-24 06:43:23,female
2012-10-24 06:44:30,female
2012-10-24 06:48:20,female
2012-10-24 06:51:30,female
2012-10-24 06:53:23,female
2012-10-24 06:56:01,female
2012-10-24 07:07:18,female
2012-10-24 07:07:31,female
2012-10-24 07:07:31,female
2012-10-24 07:10:36,male
2012-10-24 07:12:41,female
2012-10-24 07:15:56,female
2012-10-24 07:16:00,female
2012-10-24 07:17:27,female
2012-10-24 07:24:58,female
2012-10-24 07:26:15,female
2012-10-24 07:27:20,female
2012-10-24 07:28:05,female
2012-10-24 07:30:33,female
2012-10-24 07:31:36,female
2012-10-24 07:32:44,female
2012-10-24 07:34:18,male
2012-10-24 07:36:00,female
2012-10-24 07:42:16,female
2012-10-24 07:42:46,male
2012-10-24 07:45:50,male
2012-10-24 07:46:13,female
2012-10-24 07:47:29,male
2012-10-24 07:49:55,female
2012-10-24 07:55:16,female
2012-10-24 07:55:19,female
2012-10-24 07:55:52,female
2012-10-24 08:01:24,female
2012-10-24 08:02:20,female
2012-10-24 08:03:15,female
2012-10-24 08:03:19,female
2012-10-24 08:06:08,female
2012-10-24 08:09:23,female
2012-10-24 08:11:20,female
2012-10-24 08:11:47,female
2012-10-24 08:12:57,female
2012-10-24 08:14:04,female
2012-10-24 08:16:41,female
2012-10-24 08:21:55,male
2012-10-24 08:24:50,female
2012-10-24 08:25:46,female
2012-10-24 08:27:42,male
2012-10-24 08:28:58,male
2012-10-24 08:36:59,male
2012-10-24 08:37:15,male
2012-10-24 08:37:55,male
2012-10-24 08:38:09,male
2012-10-24 08:38:13,male
2012-10-24 08:42:32,male
2012-10-24 08:51:00,male
2012-10-24 08:52:30,female
2012-10-24 08:54:14,female
2012-10-24 08:54:20,female
2012-10-24 08:55:22,female
2012-10-24 08:57:37,female
2012-10-24 08:59:26,male
2012-10-24 09:03:53,female
2012-10-24 09:06:06,female
2012-10-24 09:07:09,female
2012-10-24 09:07:56,male
2012-10-24 09:10:52,female
2012-10-24 09:12:37,female
2012-10-24 09:13:15,female
2012-10-24 09:13:22,female
2012-10-24 09:14:10,male
2012-10-24 09:17:02,female
2012-10-24 09:19:19,female
2012-10-24 09:22:41,female
2012-10-24 09:25:36,female
2012-10-24 09:25:38,female
2012-10-24 09:27:52,female
2012-10-24 09:29:28,female
2012-10-24 09:30:42,female
2012-10-24 09:32:55,female
2012-10-24 09:34:46,male
2012-10-24 09:34:55,female
2012-10-24 09:35:07,female
2012-10-24 09:39:21,male
2012-10-24 09:39:41,female
2012-10-24 09:40:27,female
2012-10-24 09:40:39,female
2012-10-24 09:42:59,male
2012-10-24 09:45:57,male
2012-10-24 09:48:45,female
2012-10-24 09:51:55,female
2012-10-24 09:53:23,male
2012-10-24 09:57:35,female
2012-10-24 10:06:30,female
2012-10-24 10:14:07,female
2012-10-24 10:15:51,female
2012-10-24 10:17:02,female
2012-10-24 10:20:44,female
2012-10-24 10:22:03,female
2012-10-24 10:28:55,female
2012-10-24 10:31:47,female
2012-10-24 10:31:47,male
2012-10-24 10:37:22,female
2012-10-24 10:45:44,female
2012-10-24 10:46:52,female
2012-10-24 10:50:56,female
2012-10-24 10:51:23,female
2012-10-24 10:51:32,male
2012-10-24 10:56:16,female
2012-10-24 11:02:08,female
2012-10-24 11:02:18,female
2012-10-24 11:02:41,female
2012-10-24 11:04:33,male
2012-10-24 11:05:45,male
2012-10-24 11:08:44,female
2012-10-24 11:12:10,male
2012-10-24 11:12:44,male
2012-10-24 11:12:50,female
2012-10-24 11:13:05,male
2012-10-24 11:16:50,female
2012-10-24 11:23:53,female
2012-10-24 11:29:31,female
2012-10-24 11:30:06,male
2012-10-24 11:33:19,male
2012-10-24 11:33:22,male
2012-10-24 11:34:33,female
2012-10-24 11:38:35,female
2012-10-24 11:40:30,male
2012-10-24 11:47:04,female
2012-10-24 11:47:08,female
2012-10-24 11:49:06,female
2012-10-24 11:49:46,female
2012-10-24 11:50:03,female
2012-10-24 11:53:14,female
2012-10-24 11:53:18,male
2012-10-24 11:55:33,female
2012-10-24 11:57:46,female
2012-10-24 11:57:56,female
2012-10-24 11:59:00,male
2012-10-24 11:59:54,female
2012-10-24 12:00:55,female
2012-10-24 12:11:12,female
2012-10-24 12:11:13,male
2012-10-24 12:13:32,female
2012-10-24 12:17:14,female
2012-10-24 12:17:47,female
2012-10-24 12:18:39,female
2012-10-24 12:19:42,female
2012-10-24 12:20:15,female
2012-10-24 12:21:35,female
2012-10-24 12:27:46,female
2012-10-24 12:28:16,female
2012-10-24 12:30:06,female
2012-10-24 12:32:44,male
2012-10-24 12:37:11,female
2012-10-24 12:37:33,female
2012-10-24 12:39:53,female
2012-10-24 12:40:54,female
2012-10-24 12:44:30,male
2012-10-24 12:44:45,female
2012-10-24 12:48:10,female
2012-10-24 12:48:28,male
2012-10-24 12:49:09,male
2012-10-24 12:51:09,female
2012-10-24 12:53:17,female
2012-10-24 12:54:04,male
2012-10-24 12:56:50,male
2012-10-24 12:57:34,female
2012-10-24 12:57:36,female
2012-10-24 12:57:49,female
2012-10-24 12:58:04,female
2012-10-24 12:58:45,female
2012-10-24 12:59:29,female
2012-10-24 13:00:39,female
2012-10-24 13:01:30,female
2012-10-24 13:02:22,female
2012-10-24 13:03:50,male
2012-10-24 13:03:59,female
2012-10-24 13:04:58,female
2012-10-24 13:05:11,female
2012-10-24 13:06:53,female
2012-10-24 13:08:56,female
2012-10-24 13:10:52,female
2012-10-24 13:11:06,female
2012-10-24 13:12:10,female
2012-10-24 13:12:48,female
2012-10-24 13:13:18,female
2012-10-24 13:15:11,female
2012-10-24 13:15:51,female
2012-10-24 13:16:22,female
2012-10-24 13:20:34,female
2012-10-24 13:22:47,female
2012-10-24 13:23:11,male
2012-10-24 13:23:37,female
2012-10-24 13:24:12,female
2012-10-24 13:27:04,female
2012-10-24 13:30:38,male
2012-10-24 13:32:35,female
2012-10-24 13:33:02,male
2012-10-24 13:34:17,female
2012-10-24 13:34:37,female
2012-10-24 13:35:54,female
2012-10-24 13:38:14,female
2012-10-24 13:38:53,male
2012-10-24 13:42:54,female
2012-10-24 13:46:41,female
2012-10-24 13:46:51,female
2012-10-24 13:48:05,female
2012-10-24 13:54:18,female
2012-10-24 13:56:02,female
2012-10-24 13:56:53,female
2012-10-24 14:00:59,female
2012-10-24 14:01:07,female
2012-10-24 14:02:17,female
2012-10-24 14:02:42,female
2012-10-24 14:03:36,female
2012-10-24 14:05:07,female
2012-10-24 14:05:45,female
2012-10-24 14:07:56,female
2012-10-24 14:11:02,female
2012-10-24 14:11:17,female
2012-10-24 14:13:19,female
2012-10-24 14:17:05,female
2012-10-24 14:17:10,female
2012-10-24 14:17:12,female
2012-10-24 14:17:36,female
2012-10-24 14:18:45,female
2012-10-24 14:20:13,female
2012-10-24 14:22:04,male
2012-10-24 14:23:31,male
2012-10-24 14:23:38,female
2012-10-24 14:23:52,female
2012-10-24 14:24:24,female
2012-10-24 14:25:23,female
2012-10-24 14:26:48,female
2012-10-24 14:27:54,male
2012-10-24 14:28:16,female
2012-10-24 14:31:12,female
2012-10-24 14:34:07,female
2012-10-24 14:34:52,female
2012-10-24 14:36:45,female
2012-10-24 14:37:29,female
2012-10-24 14:39:19,female
2012-10-24 14:39:41,male
2012-10-24 14:41:54,female
2012-10-24 14:42:53,female
2012-10-24 14:43:49,male
2012-10-24 14:44:21,female
2012-10-24 14:44:26,male
2012-10-24 14:50:06,male
2012-10-24 14:50:49,male
2012-10-24 14:51:01,female
2012-10-24 14:53:07,female
2012-10-24 14:55:59,female
2012-10-24 14:59:10,male
2012-10-24 14:59:20,female
2012-10-24 15:00:14,female
2012-10-24 15:01:01,female
2012-10-24 15:03:14,female
2012-10-24 15:03:29,male
2012-10-24 15:04:06,female
2012-10-24 15:04:18,female
2012-10-24 15:05:53,female
2012-10-24 15:06:01,female
2012-10-24 15:06:23,female
2012-10-24 15:06:37,female
2012-10-24 15:07:53,female
2012-10-24 15:08:13,male
2012-10-24 15:13:38,female
2012-10-24 15:16:39,male
2012-10-24 15:18:18,female
2012-10-24 15:21:19,male
2012-10-24 15:21:42,female
2012-10-24 15:22:50,female
2012-10-24 15:23:42,female
2012-10-24 15:24:11,female
2012-10-24 15:24:25,male
2012-10-24 15:27:12,female
2012-10-24 15:27:23,female
2012-10-24 15:27:56,female
2012-10-24 15:28:36,male
2012-10-24 15:30:08,male
2012-10-24 15:34:16,female
2012-10-24 15:36:37,male
2012-10-24 15:37:29,female
2012-10-24 15:40:26,female
2012-10-24 15:41:36,female
2012-10-24 15:41:49,female
2012-10-24 15:42:28,female
2012-10-24 15:42:42,male
2012-10-24 15:44:06,female
2012-10-24 15:47:23,female
2012-10-24 15:47:46,female
2012-10-24 15:48:35,male
2012-10-24 15:49:26,male
2012-10-24 15:51:06,female
2012-10-24 15:56:23,female
2012-10-24 15:57:14,female
2012-10-24 15:59:52,female
2012-10-24 16:02:50,male
2012-10-24 16:04:44,female
2012-10-24 16:04:50,male
2012-10-24 16:04:56,male
2012-10-24 16:05:39,female
2012-10-24 16:10:11,female
2012-10-24 16:12:17,female
2012-10-24 16:17:05,male
2012-10-24 16:17:51,female
2012-10-24 16:21:46,female
2012-10-24 16:25:01,male
2012-10-24 16:27:10,male
2012-10-24 16:28:28,female
2012-10-24 16:30:58,female
2012-10-24 16:32:37,female
2012-10-24 16:36:49,male
2012-10-24 16:37:12,female
2012-10-24 16:38:52,male
2012-10-24 16:39:51,female
2012-10-24 16:40:19,female
2012-10-24 16:41:14,female
2012-10-24 16:42:57,female
2012-10-24 16:46:56,male
2012-10-24 16:48:54,female
2012-10-24 16:50:00,female
2012-10-24 16:54:28,female
2012-10-24 16:56:20,male
2012-10-24 16:58:53,female
2012-10-24 17:03:20,female
2012-10-24 17:04:46,female
2012-10-24 17:06:16,female
2012-10-24 17:06:19,female
2012-10-24 17:06:49,female
2012-10-24 17:13:30,female
2012-10-24 17:13:42,female
2012-10-24 17:14:26,male
2012-10-24 17:14:41,female
2012-10-24 17:15:12,female
2012-10-24 17:17:25,male
2012-10-24 17:18:26,female
2012-10-24 17:18:35,female
2012-10-24 17:18:56,female
2012-10-24 17:23:20,female
2012-10-24 17:23:36,female
2012-10-24 17:24:09,female
2012-10-24 17:25:07,male
2012-10-24 17:26:51,female
2012-10-24 17:30:08,female
2012-10-24 17:33:02,female
2012-10-24 17:33:48,female
2012-10-24 17:41:41,female
2012-10-24 17:44:09,female
2012-10-24 17:45:17,male
2012-10-24 17:46:55,male
2012-10-24 17:47:47,female
2012-10-24 17:51:25,male
2012-10-24 17:52:28,female
2012-10-24 17:54:38,male
2012-10-24 17:57:58,female
2012-10-24 17:59:53,male
2012-10-24 18:02:13,female
2012-10-24 18:04:08,female
2012-10-24 18:06:12,female
2012-10-24 18:06:18,female
2012-10-24 18:07:14,female
2012-10-24 18:07:52,female
2012-10-24 18:10:23,female
2012-10-24 18:10:32,female
2012-10-24 18:11:23,female
2012-10-24 18:12:03,female
2012-10-24 18:17:23,female
2012-10-24 18:18:00,female
2012-10-24 18:21:32,female
2012-10-24 18:22:55,male
2012-10-24 18:26:14,female
2012-10-24 18:26:44,male
2012-10-24 18:34:19,female
2012-10-24 18:34:32,male
2012-10-24 18:35:02,female
2012-10-24 18:38:23,female
2012-10-24 18:39:01,female
2012-10-24 18:41:48,male
2012-10-24 18:41:58,female
2012-10-24 18:44:01,male
2012-10-24 18:45:11,female
2012-10-24 18:45:39,female
2012-10-24 18:49:17,female
2012-10-24 18:52:06,female
2012-10-24 18:52:38,female
2012-10-24 18:52:55,female
2012-10-24 18:55:17,female
2012-10-24 18:56:31,female
2012-10-24 18:56:58,female
2012-10-24 18:58:44,female
2012-10-24 19:01:19,female
2012-10-24 19:02:01,male
2012-10-24 19:05:08,female
2012-10-24 19:05:17,female
2012-10-24 19:09:11,male
2012-10-24 19:13:43,female
2012-10-24 19:20:41,female
2012-10-24 19:21:44,female
2012-10-24 19:21:58,female
2012-10-24 19:23:39,male
2012-10-24 19:23:45,female
2012-10-24 19:26:45,female
2012-10-24 19:27:43,female
2012-10-24 19:28:15,female
2012-10-24 19:28:35,female
2012-10-24 19:29:00,female
2012-10-24 19:29:42,female
2012-10-24 19:35:01,female
2012-10-24 19:35:09,female
2012-10-24 19:35:31,female
2012-10-24 19:36:22,female
2012-10-24 19:36:37,male
2012-10-24 19:39:05,female
2012-10-24 19:40:45,female
2012-10-24 19:41:23,female
2012-10-24 19:45:28,female
2012-10-24 19:48:18,female
2012-10-24 19:50:27,female
2012-10-24 19:51:30,female
2012-10-24 19:53:40,female
2012-10-24 19:55:24,male
2012-10-24 19:56:26,female
2012-10-24 20:00:09,female
2012-10-24 20:05:42,female
2012-10-24 20:06:57,female
2012-10-24 20:07:22,female
2012-10-24 20:08:17,female
2012-10-24 20:09:16,female
2012-10-24 20:13:25,female
2012-10-24 20:14:54,female
2012-10-24 20:15:43,female
2012-10-24 20:17:01,female
2012-10-24 20:25:41,male
2012-10-24 20:26:05,female
2012-10-24 20:27:06,female
2012-10-24 20:31:16,female
2012-10-24 20:31:23,female
2012-10-24 20:31:40,female
2012-10-24 20:40:11,female
2012-10-24 20:40:28,female
2012-10-24 20:46:29,female
2012-10-24 20:51:38,female
2012-10-24 21:02:30,male
2012-10-24 21:12:04,female
2012-10-24 21:12:26,male
2012-10-24 21:18:18,female
2012-10-24 21:19:21,male
2012-10-24 21:22:03,male
2012-10-24 21:24:07,female
2012-10-24 21:24:56,male
2012-10-24 21:27:21,male
2012-10-24 21:33:07,female
2012-10-24 21:46:29,female
2012-10-24 21:50:27,male
2012-10-24 22:00:43,female
2012-10-24 22:23:50,female
2012-10-24 22:24:55,female
2012-10-24 22:32:05,female
2012-10-24 22:39:54,female
2012-10-24 22:39:59,female
2012-10-24 22:40:23,female
2012-10-24 22:52:42,female
2012-10-24 22:58:43,female
2012-10-24 23:02:31,male
2012-10-24 23:45:53,male
2012-10-25 01:27:11,female
2012-10-25 01:33:29,female
2012-10-25 01:55:01,male
2012-10-25 02:01:08,female
2012-10-25 02:11:15,female
2012-10-25 02:19:20,female
2012-10-25 02:20:36,female
2012-10-25 02:20:40,female
2012-10-25 02:30:34,female
2012-10-25 02:39:32,female
2012-10-25 02:41:20,female
2012-10-25 02:50:27,female
2012-10-25 02:53:59,female
2012-10-25 02:59:15,female
2012-10-25 03:06:11,female
2012-10-25 03:07:57,female
2012-10-25 03:09:14,male
2012-10-25 03:15:25,female
2012-10-25 03:16:00,female
2012-10-25 03:16:40,female
2012-10-25 03:18:39,male
2012-10-25 03:35:43,female
2012-10-25 03:36:14,female
2012-10-25 03:40:22,female
2012-10-25 03:43:52,female
2012-10-25 04:00:13,female
2012-10-25 04:01:29,female
2012-10-25 04:19:24,female
2012-10-25 04:25:56,female
2012-10-25 04:33:55,male
2012-10-25 04:34:11,male
2012-10-25 04:35:56,female
2012-10-25 04:36:12,female
2012-10-25 04:38:25,male
2012-10-25 04:39:13,female
2012-10-25 04:41:38,male
2012-10-25 04:43:33,female
2012-10-25 04:43:42,female
2012-10-25 04:47:21,female
2012-10-25 04:54:08,female
2012-10-25 04:55:03,female
2012-10-25 04:58:06,male
2012-10-25 04:58:53,male
2012-10-25 05:02:48,female
2012-10-25 05:10:41,female
2012-10-25 05:14:09,female
2012-10-25 05:29:46,female
2012-10-25 05:35:22,female
2012-10-25 05:35:43,female
2012-10-25 05:37:52,female
2012-10-25 05:44:53,male
2012-10-25 05:52:13,female
2012-10-25 05:56:22,female
2012-10-25 05:56:44,male
2012-10-25 06:00:11,female
2012-10-25 06:01:39,male
2012-10-25 06:12:22,female
2012-10-25 06:12:25,male
2012-10-25 06:13:15,male
2012-10-25 06:15:34,female
2012-10-25 06:16:17,female
2012-10-25 06:18:19,female
2012-10-25 06:19:23,male
2012-10-25 06:27:06,male
2012-10-25 06:29:57,male
2012-10-25 06:30:03,female
2012-10-25 06:30:55,male
2012-10-25 06:32:07,female
2012-10-25 06:38:16,female
2012-10-25 06:41:27,male
2012-10-25 06:47:31,male
2012-10-25 06:48:12,female
2012-10-25 06:50:20,female
2012-10-25 06:50:42,male
2012-10-25 06:51:09,female
2012-10-25 06:59:54,female
2012-10-25 07:03:53,female
2012-10-25 07:03:53,male
2012-10-25 07:12:31,female
2012-10-25 07:13:12,female
2012-10-25 07:18:13,female
2012-10-25 07:19:02,female
2012-10-25 07:21:07,female
2012-10-25 07:24:17,male
2012-10-25 07:25:36,female
2012-10-25 07:27:12,female
2012-10-25 07:31:20,female
2012-10-25 07:33:05,male
2012-10-25 07:33:33,female
2012-10-25 07:33:49,female
2012-10-25 07:34:08,female
2012-10-25 07:35:07,female
2012-10-25 07:35:23,female
2012-10-25 07:36:03,female
2012-10-25 07:36:21,female
2012-10-25 07:42:08,female
2012-10-25 07:49:45,female
2012-10-25 07:54:49,female
2012-10-25 07:59:01,female
2012-10-25 08:01:15,male
2012-10-25 08:02:05,female
2012-10-25 08:02:06,female
2012-10-25 08:04:17,female
2012-10-25 08:05:23,male
2012-10-25 08:06:19,female
2012-10-25 08:07:58,female
2012-10-25 08:12:57,female
2012-10-25 08:16:28,male
2012-10-25 08:21:40,female
2012-10-25 08:26:10,female
2012-10-25 08:27:10,male
2012-10-25 08:27:34,female
2012-10-25 08:30:09,female
2012-10-25 08:30:50,male
2012-10-25 08:31:41,male
2012-10-25 08:33:27,female
2012-10-25 08:35:52,female
2012-10-25 08:38:26,female
2012-10-25 08:38:40,female
2012-10-25 08:45:14,female
2012-10-25 08:45:32,female
2012-10-25 08:46:58,female
2012-10-25 08:47:56,female
2012-10-25 08:48:28,female
2012-10-25 08:52:03,male
2012-10-25 08:53:46,male
2012-10-25 08:54:32,female
2012-10-25 08:56:21,female
2012-10-25 08:57:34,female
2012-10-25 08:58:35,female
2012-10-25 08:59:43,female
2012-10-25 09:00:11,female
2012-10-25 09:00:24,female
2012-10-25 09:03:49,male
2012-10-25 09:05:26,female
2012-10-25 09:09:01,female
2012-10-25 09:10:05,female
2012-10-25 09:16:43,female
2012-10-25 09:22:02,female
2012-10-25 09:22:36,female
2012-10-25 09:24:37,male
2012-10-25 09:24:39,female
2012-10-25 09:25:50,female
2012-10-25 09:27:41,female
2012-10-25 09:27:43,female
2012-10-25 09:27:48,female
2012-10-25 09:28:48,female
2012-10-25 09:32:48,female
2012-10-25 09:36:01,male
2012-10-25 09:39:17,female
2012-10-25 09:40:44,male
2012-10-25 09:43:56,male
2012-10-25 09:44:06,male
2012-10-25 09:46:12,female
2012-10-25 09:49:36,female
2012-10-25 09:50:46,female
2012-10-25 09:54:03,female
2012-10-25 09:54:44,female
2012-10-25 09:56:11,male
2012-10-25 09:56:59,female
2012-10-25 09:57:26,female
2012-10-25 09:59:09,female
2012-10-25 10:00:46,male
2012-10-25 10:00:54,male
2012-10-25 10:03:36,male
2012-10-25 10:03:55,female
2012-10-25 10:06:43,male
2012-10-25 10:07:39,male
2012-10-25 10:07:46,female
2012-10-25 10:07:48,female
2012-10-25 10:09:27,female
2012-10-25 10:12:58,male
2012-10-25 10:16:23,female
2012-10-25 10:16:23,female
2012-10-25 10:20:10,female
2012-10-25 10:21:34,female
2012-10-25 10:22:46,female
2012-10-25 10:27:35,female
2012-10-25 10:28:22,male
2012-10-25 10:28:53,female
2012-10-25 10:33:47,male
2012-10-25 10:34:06,female
2012-10-25 10:39:26,female
2012-10-25 10:42:18,female
2012-10-25 10:44:11,male
2012-10-25 10:44:28,female
2012-10-25 10:44:37,male
2012-10-25 10:49:15,female
2012-10-25 10:55:10,female
2012-10-25 10:56:47,female
2012-10-25 10:59:24,male
2012-10-25 11:00:30,male
2012-10-25 11:01:43,female
2012-10-25 11:03:26,female
2012-10-25 11:04:47,male
2012-10-25 11:06:33,female
2012-10-25 11:07:37,female
2012-10-25 11:07:49,female
2012-10-25 11:08:08,female
2012-10-25 11:14:08,female
2012-10-25 11:14:48,male
2012-10-25 11:16:51,female
2012-10-25 11:18:24,female
2012-10-25 11:19:44,female
2012-10-25 11:20:35,female
2012-10-25 11:20:45,male
2012-10-25 11:21:23,female
2012-10-25 11:24:14,female
2012-10-25 11:24:15,female
2012-10-25 11:24:24,male
2012-10-25 11:24:50,female
2012-10-25 11:25:41,male
2012-10-25 11:27:16,male
2012-10-25 11:27:47,female
2012-10-25 11:29:15,female
2012-10-25 11:31:36,male
2012-10-25 11:34:46,female
2012-10-25 11:38:28,male
2012-10-25 11:40:54,female
2012-10-25 11:42:52,female
2012-10-25 11:43:38,female
2012-10-25 11:44:05,female
2012-10-25 11:45:35,male
2012-10-25 11:45:58,female
2012-10-25 11:46:39,female
2012-10-25 11:47:56,female
2012-10-25 11:48:26,female
2012-10-25 11:51:56,female
2012-10-25 11:53:25,female
2012-10-25 11:57:58,female
2012-10-25 11:59:48,male
2012-10-25 12:07:18,male
2012-10-25 12:07:20,female
2012-10-25 12:08:16,female
2012-10-25 12:09:21,male
2012-10-25 12:09:24,male
2012-10-25 12:09:57,male
2012-10-25 12:11:53,female
2012-10-25 12:12:20,female
2012-10-25 12:12:23,female
2012-10-25 12:12:24,male
2012-10-25 12:12:35,female
2012-10-25 12:16:01,female
2012-10-25 12:16:59,female
2012-10-25 12:18:53,female
2012-10-25 12:22:47,female
2012-10-25 12:23:46,male
2012-10-25 12:25:34,male
2012-10-25 12:27:02,female
2012-10-25 12:28:29,female
2012-10-25 12:28:58,female
2012-10-25 12:30:28,female
2012-10-25 12:32:17,female
2012-10-25 12:34:58,female
2012-10-25 12:35:22,female
2012-10-25 12:36:50,female
2012-10-25 12:37:37,female
2012-10-25 12:40:26,female
2012-10-25 12:43:17,male
2012-10-25 12:44:07,female
2012-10-25 12:44:20,female
2012-10-25 12:44:42,female
2012-10-25 12:48:23,female
2012-10-25 12:48:39,female
2012-10-25 12:51:09,female
2012-10-25 12:56:36,female
2012-10-25 13:01:30,male
2012-10-25 13:01:39,male
2012-10-25 13:02:38,male
2012-10-25 13:11:23,female
2012-10-25 13:12:32,female
2012-10-25 13:16:24,female
2012-10-25 13:20:01,female
2012-10-25 13:21:35,male
2012-10-25 13:22:50,female
2012-10-25 13:24:43,male
2012-10-25 13:25:14,female
2012-10-25 13:25:15,female
2012-10-25 13:29:49,male
2012-10-25 13:34:37,female
2012-10-25 13:38:40,female
2012-10-25 13:38:49,female
2012-10-25 13:38:59,female
2012-10-25 13:41:44,female
2012-10-25 13:42:19,female
2012-10-25 13:42:52,female
2012-10-25 13:47:58,female
2012-10-25 13:48:58,male
2012-10-25 13:49:09,female
2012-10-25 13:52:06,male
2012-10-25 13:52:10,female
2012-10-25 13:54:09,male
2012-10-25 13:54:13,male
2012-10-25 13:54:15,female
2012-10-25 13:54:26,male
2012-10-25 13:55:20,female
2012-10-25 13:55:21,male
2012-10-25 13:57:01,male
2012-10-25 13:59:04,male
2012-10-25 13:59:15,female
2012-10-25 14:00:33,female
2012-10-25 14:01:16,female
2012-10-25 14:02:23,female
2012-10-25 14:03:47,male
2012-10-25 14:06:59,female
2012-10-25 14:07:10,male
2012-10-25 14:12:34,male
2012-10-25 14:12:44,female
2012-10-25 14:12:48,female
2012-10-25 14:14:14,male
2012-10-25 14:16:18,female
2012-10-25 14:17:47,female
2012-10-25 14:18:03,female
2012-10-25 14:20:20,female
2012-10-25 14:21:08,female
2012-10-25 14:26:12,female
2012-10-25 14:27:42,female
2012-10-25 14:30:39,male
2012-10-25 14:31:13,male
2012-10-25 14:32:58,female
2012-10-25 14:35:02,female
2012-10-25 14:38:14,female
2012-10-25 14:45:00,male
2012-10-25 14:46:42,female
2012-10-25 14:47:14,female
2012-10-25 14:48:06,female
2012-10-25 14:49:05,male
2012-10-25 14:51:08,female
2012-10-25 14:53:02,female
2012-10-25 14:53:34,male
2012-10-25 14:55:11,female
2012-10-25 14:55:59,female
2012-10-25 14:59:52,female
2012-10-25 15:00:29,male
2012-10-25 15:13:06,female
2012-10-25 15:14:51,female
2012-10-25 15:15:32,female
2012-10-25 15:16:53,female
2012-10-25 15:17:09,female
2012-10-25 15:18:13,female
2012-10-25 15:22:48,female
2012-10-25 15:22:50,male
2012-10-25 15:23:01,female
2012-10-25 15:24:12,male
2012-10-25 15:25:26,female
2012-10-25 15:26:16,female
2012-10-25 15:28:19,female
2012-10-25 15:28:33,female
2012-10-25 15:31:14,male
2012-10-25 15:36:48,female
2012-10-25 15:37:25,female
2012-10-25 15:40:19,female
2012-10-25 15:41:33,female
2012-10-25 15:43:56,female
2012-10-25 15:48:09,female
2012-10-25 15:48:28,male
2012-10-25 15:48:41,female
2012-10-25 15:49:41,male
2012-10-25 15:50:18,female
2012-10-25 15:51:56,male
2012-10-25 15:54:04,female
2012-10-25 15:54:26,male
2012-10-25 15:55:31,female
2012-10-25 15:57:59,female
2012-10-25 15:58:17,female
2012-10-25 15:59:38,male
2012-10-25 16:01:36,female
2012-10-25 16:04:35,female
2012-10-25 16:07:12,male
2012-10-25 16:07:16,female
2012-10-25 16:07:47,female
2012-10-25 16:09:43,female
2012-10-25 16:10:37,male
2012-10-25 16:11:39,female
2012-10-25 16:16:08,female
2012-10-25 16:16:13,female
2012-10-25 16:17:27,male
2012-10-25 16:20:42,male
2012-10-25 16:21:13,female
2012-10-25 16:23:02,male
2012-10-25 16:23:26,female
2012-10-25 16:24:24,female
2012-10-25 16:25:17,female
2012-10-25 16:25:40,female
2012-10-25 16:27:37,female
2012-10-25 16:29:46,female
2012-10-25 16:32:20,female
2012-10-25 16:33:01,female
2012-10-25 16:34:07,female
2012-10-25 16:34:25,female
2012-10-25 16:34:36,female
2012-10-25 16:37:10,female
2012-10-25 16:39:49,male
2012-10-25 16:44:13,female
2012-10-25 16:44:21,female
2012-10-25 16:48:11,female
2012-10-25 16:48:39,female
2012-10-25 16:49:02,male
2012-10-25 16:50:52,female
2012-10-25 16:51:53,male
2012-10-25 16:53:10,female
2012-10-25 16:55:38,male
2012-10-25 16:55:42,male
2012-10-25 16:57:15,female
2012-10-25 17:00:42,female
2012-10-25 17:01:48,male
2012-10-25 17:02:40,male
2012-10-25 17:03:08,female
2012-10-25 17:07:24,male
2012-10-25 17:09:03,female
2012-10-25 17:10:31,female
2012-10-25 17:11:31,male
2012-10-25 17:11:56,female
2012-10-25 17:14:38,female
2012-10-25 17:15:23,female
2012-10-25 17:16:20,female
2012-10-25 17:17:58,female
2012-10-25 17:20:42,female
2012-10-25 17:21:42,female
2012-10-25 17:25:46,male
2012-10-25 17:31:12,female
2012-10-25 17:33:27,female
2012-10-25 17:33:33,female
2012-10-25 17:33:49,male
2012-10-25 17:34:10,female
2012-10-25 17:37:22,female
2012-10-25 17:39:39,male
2012-10-25 17:40:21,female
2012-10-25 17:43:02,female
2012-10-25 17:44:55,female
2012-10-25 17:46:40,male
2012-10-25 17:49:48,female
2012-10-25 17:50:16,male
2012-10-25 17:51:08,female
2012-10-25 17:52:34,female
2012-10-25 17:53:18,male
2012-10-25 17:53:36,female
2012-10-25 17:54:34,female
2012-10-25 17:54:55,female
2012-10-25 17:56:04,female
2012-10-25 18:00:40,female
2012-10-25 18:00:50,female
2012-10-25 18:01:17,male
2012-10-25 18:01:28,female
2012-10-25 18:02:46,female
2012-10-25 18:04:49,male
2012-10-25 18:06:12,female
2012-10-25 18:08:21,female
2012-10-25 18:12:16,female
2012-10-25 18:14:16,male
2012-10-25 18:14:20,female
2012-10-25 18:14:40,female
2012-10-25 18:17:34,female
2012-10-25 18:17:42,male
2012-10-25 18:19:45,female
2012-10-25 18:22:14,female
2012-10-25 18:24:44,female
2012-10-25 18:28:45,female
2012-10-25 18:28:48,female
2012-10-25 18:29:10,female
2012-10-25 18:29:12,female
2012-10-25 18:33:59,female
2012-10-25 18:34:27,female
2012-10-25 18:36:23,female
2012-10-25 18:37:36,female
2012-10-25 18:39:07,female
2012-10-25 18:40:39,female
2012-10-25 18:40:40,female
2012-10-25 18:40:56,female
2012-10-25 18:42:36,female
2012-10-25 18:42:45,female
2012-10-25 18:49:47,female
2012-10-25 18:53:04,female
2012-10-25 19:00:11,female
2012-10-25 19:00:32,female
2012-10-25 19:02:00,female
2012-10-25 19:02:53,female
2012-10-25 19:03:12,female
2012-10-25 19:04:48,female
2012-10-25 19:05:30,female
2012-10-25 19:06:05,female
2012-10-25 19:07:59,female
2012-10-25 19:08:54,female
2012-10-25 19:09:03,female
2012-10-25 19:10:19,female
2012-10-25 19:14:39,female
2012-10-25 19:19:11,female
2012-10-25 19:19:19,female
2012-10-25 19:19:55,male
2012-10-25 19:20:26,male
2012-10-25 19:21:43,female
2012-10-25 19:22:58,female
2012-10-25 19:24:13,female
2012-10-25 19:25:00,female
2012-10-25 19:26:27,female
2012-10-25 19:28:40,female
2012-10-25 19:31:08,female
2012-10-25 19:36:33,male
2012-10-25 19:39:29,female
2012-10-25 19:42:13,female
2012-10-25 19:42:59,male
2012-10-25 19:44:59,female
2012-10-25 19:47:27,male
2012-10-25 19:47:37,female
2012-10-25 19:50:44,female
2012-10-25 19:51:37,female
2012-10-25 19:51:38,female
2012-10-25 19:57:17,female
2012-10-25 20:03:18,female
2012-10-25 20:04:36,female
2012-10-25 20:09:47,female
2012-10-25 20:12:41,female
2012-10-25 20:12:53,female
2012-10-25 20:13:19,male
2012-10-25 20:14:30,female
2012-10-25 20:20:38,male
2012-10-25 20:22:45,female
2012-10-25 20:23:38,female
2012-10-25 20:24:32,male
2012-10-25 20:25:00,female
2012-10-25 20:25:14,female
2012-10-25 20:25:23,female
2012-10-25 20:26:10,female
2012-10-25 20:29:22,male
2012-10-25 20:29:59,female
2012-10-25 20:31:03,female
2012-10-25 20:31:16,female
2012-10-25 20:36:41,female
2012-10-25 20:37:24,female
2012-10-25 20:40:59,female
2012-10-25 20:44:11,male
2012-10-25 20:49:42,male
2012-10-25 20:51:35,female
2012-10-25 20:53:00,female
2012-10-25 20:55:46,female
2012-10-25 21:09:02,female
2012-10-25 21:09:32,male
2012-10-25 21:10:37,female
2012-10-25 21:14:27,female
2012-10-25 21:18:24,female
2012-10-25 21:19:46,female
2012-10-25 21:19:52,female
2012-10-25 21:24:21,female
2012-10-25 21:25:47,female
2012-10-25 21:28:28,female
2012-10-25 21:30:57,female
2012-10-25 21:32:35,male
2012-10-25 21:33:45,female
2012-10-25 21:34:28,female
2012-10-25 21:48:00,female
2012-10-25 21:52:24,female
2012-10-25 22:01:56,female
2012-10-25 22:05:44,female
2012-10-25 22:06:26,female
2012-10-25 22:07:07,male
2012-10-25 22:11:23,female
2012-10-25 22:15:01,female
2012-10-25 22:15:52,female
2012-10-25 22:17:59,female
2012-10-25 22:22:51,female
2012-10-25 22:23:35,female
2012-10-25 22:30:28,female
2012-10-25 22:33:56,female
2012-10-25 22:34:19,female
2012-10-25 22:37:46,male
2012-10-25 22:42:09,female
2012-10-25 22:48:13,male
2012-10-25 22:50:25,female
2012-10-25 22:54:21,female
2012-10-25 22:55:20,male
2012-10-25 22:55:32,female
2012-10-25 23:06:27,female
2012-10-25 23:16:45,female
2012-10-25 23:25:30,female
2012-10-25 23:32:07,female
2012-10-25 23:35:54,female
2012-10-25 23:49:17,female
2012-10-26 01:23:57,female
2012-10-26 01:25:55,female
2012-10-26 02:15:52,male
2012-10-26 02:18:39,male
2012-10-26 02:54:32,female
2012-10-26 02:59:49,female
2012-10-26 03:07:34,male
2012-10-26 03:11:46,female
2012-10-26 03:19:49,female
2012-10-26 03:35:03,male
2012-10-26 03:39:07,female
2012-10-26 03:40:25,female
2012-10-26 03:42:55,male
2012-10-26 03:43:25,female
2012-10-26 03:44:11,female
2012-10-26 03:53:49,male
2012-10-26 03:54:23,female
2012-10-26 04:06:20,female
2012-10-26 04:10:13,female
2012-10-26 04:12:24,female
2012-10-26 04:21:10,female
2012-10-26 04:23:39,female
2012-10-26 04:26:24,male
2012-10-26 04:26:44,female
2012-10-26 04:30:49,female
2012-10-26 04:38:36,female
2012-10-26 04:47:24,female
2012-10-26 04:49:23,female
2012-10-26 04:55:55,female
2012-10-26 04:56:35,male
2012-10-26 05:01:44,female
2012-10-26 05:03:34,female
2012-10-26 05:25:40,female
2012-10-26 05:34:13,female
2012-10-26 05:44:50,female
2012-10-26 05:47:10,female
2012-10-26 05:47:15,female
2012-10-26 05:49:36,female
2012-10-26 05:53:30,female
2012-10-26 05:54:23,female
2012-10-26 05:55:07,female
2012-10-26 06:06:38,female
2012-10-26 06:14:28,male
2012-10-26 06:16:51,female
2012-10-26 06:18:58,female
2012-10-26 06:26:17,female
2012-10-26 06:35:21,female
2012-10-26 06:39:02,male
2012-10-26 06:46:52,female
2012-10-26 06:54:27,female
2012-10-26 06:57:45,female
2012-10-26 06:57:51,male
2012-10-26 06:59:37,female
2012-10-26 07:03:48,female
2012-10-26 07:15:41,female
2012-10-26 07:15:43,male
2012-10-26 07:18:43,female
2012-10-26 07:19:04,female
2012-10-26 07:21:07,female
2012-10-26 07:22:26,female
2012-10-26 07:23:11,female
2012-10-26 07:29:23,female
2012-10-26 07:30:29,male
2012-10-26 07:38:29,female
2012-10-26 07:39:18,female
2012-10-26 07:43:10,male
2012-10-26 07:46:35,female
2012-10-26 07:50:03,female
2012-10-26 07:50:26,female
2012-10-26 07:51:24,male
2012-10-26 07:53:22,female
2012-10-26 07:58:05,female
2012-10-26 07:59:50,female
2012-10-26 08:01:56,female
2012-10-26 08:03:38,male
2012-10-26 08:04:31,female
2012-10-26 08:06:54,female
2012-10-26 08:11:16,female
2012-10-26 08:20:03,male
2012-10-26 08:23:41,female
2012-10-26 08:25:46,male
2012-10-26 08:26:28,female
2012-10-26 08:28:37,female
2012-10-26 08:31:47,female
2012-10-26 08:33:58,female
2012-10-26 08:35:07,female
2012-10-26 08:39:58,male
2012-10-26 08:46:33,female
2012-10-26 08:48:38,female
2012-10-26 08:49:09,female
2012-10-26 08:49:22,female
2012-10-26 08:49:31,male
2012-10-26 08:51:37,female
2012-10-26 08:54:06,female
2012-10-26 09:01:42,female
2012-10-26 09:03:34,female
2012-10-26 09:05:23,female
2012-10-26 09:09:05,female
2012-10-26 09:09:23,female
2012-10-26 09:12:47,male
2012-10-26 09:14:02,male
2012-10-26 09:14:24,female
2012-10-26 09:15:15,male
2012-10-26 09:15:20,male
2012-10-26 09:15:44,female
2012-10-26 09:19:21,female
2012-10-26 09:22:14,male
2012-10-26 09:22:29,female
2012-10-26 09:23:26,male
2012-10-26 09:23:55,female
2012-10-26 09:25:17,female
2012-10-26 09:25:43,female
2012-10-26 09:25:51,male
2012-10-26 09:25:57,female
2012-10-26 09:31:07,female
2012-10-26 09:32:24,female
2012-10-26 09:34:21,female
2012-10-26 09:40:33,female
2012-10-26 09:43:35,female
2012-10-26 09:48:32,male
2012-10-26 09:48:49,male
2012-10-26 09:51:29,male
2012-10-26 09:51:59,female
2012-10-26 09:54:37,male
2012-10-26 09:57:14,male
2012-10-26 10:05:03,female
2012-10-26 10:07:39,female
2012-10-26 10:11:24,female
2012-10-26 10:15:00,female
2012-10-26 10:16:01,female
2012-10-26 10:16:07,male
2012-10-26 10:17:53,female
2012-10-26 10:19:58,female
2012-10-26 10:21:17,male
2012-10-26 10:23:16,female
2012-10-26 10:24:29,female
2012-10-26 10:24:43,male
2012-10-26 10:27:44,female
2012-10-26 10:29:17,female
2012-10-26 10:39:25,female
2012-10-26 10:45:47,female
2012-10-26 10:47:02,female
2012-10-26 10:50:00,female
2012-10-26 10:50:55,male
2012-10-26 10:51:41,female
2012-10-26 10:51:50,female
2012-10-26 10:51:55,female
2012-10-26 10:55:30,female
2012-10-26 10:56:50,female
2012-10-26 10:58:13,female
2012-10-26 11:01:45,female
2012-10-26 11:04:10,male
2012-10-26 11:07:38,female
2012-10-26 11:09:26,female
2012-10-26 11:09:45,male
2012-10-26 11:10:44,male
2012-10-26 11:14:41,female
2012-10-26 11:16:42,female
2012-10-26 11:18:06,female
2012-10-26 11:18:34,female
2012-10-26 11:19:49,female
2012-10-26 11:22:38,female
2012-10-26 11:24:03,female
2012-10-26 11:25:32,female
2012-10-26 11:25:36,female
2012-10-26 11:31:14,male
2012-10-26 11:31:17,female
2012-10-26 11:32:00,female
2012-10-26 11:35:18,male
2012-10-26 11:35:39,male
2012-10-26 11:35:54,female
2012-10-26 11:36:30,female
2012-10-26 11:40:08,female
2012-10-26 11:42:14,female
2012-10-26 11:42:18,female
2012-10-26 11:43:02,female
2012-10-26 11:43:54,male
2012-10-26 11:48:10,female
2012-10-26 11:48:34,female
2012-10-26 11:49:05,female
2012-10-26 11:49:11,female
2012-10-26 11:50:36,female
2012-10-26 11:51:31,male
2012-10-26 11:52:48,female
2012-10-26 11:54:36,female
2012-10-26 11:55:46,male
2012-10-26 11:56:14,female
2012-10-26 11:58:01,male
2012-10-26 12:03:28,male
2012-10-26 12:04:40,female
2012-10-26 12:07:31,female
2012-10-26 12:15:04,female
2012-10-26 12:21:11,male
2012-10-26 12:26:27,female
2012-10-26 12:27:16,female
2012-10-26 12:27:28,female
2012-10-26 12:28:56,female
2012-10-26 12:30:21,female
2012-10-26 12:30:32,female
2012-10-26 12:33:14,female
2012-10-26 12:36:16,female
2012-10-26 12:36:34,female
2012-10-26 12:39:39,female
2012-10-26 12:40:03,male
2012-10-26 12:40:06,male
2012-10-26 12:42:45,female
2012-10-26 12:46:04,female
2012-10-26 12:46:47,female
2012-10-26 12:48:04,female
2012-10-26 12:48:18,female
2012-10-26 12:50:01,female
2012-10-26 12:53:15,female
2012-10-26 12:57:22,female
2012-10-26 13:01:19,female
2012-10-26 13:02:49,male
2012-10-26 13:04:25,female
2012-10-26 13:07:13,male
2012-10-26 13:09:27,male
2012-10-26 13:10:08,female
2012-10-26 13:11:16,male
2012-10-26 13:11:51,female
2012-10-26 13:12:59,female
2012-10-26 13:13:01,female
2012-10-26 13:15:31,female
2012-10-26 13:17:38,female
2012-10-26 13:19:46,female
2012-10-26 13:20:07,female
2012-10-26 13:22:06,female
2012-10-26 13:22:28,female
2012-10-26 13:23:41,female
2012-10-26 13:23:51,female
2012-10-26 13:25:51,female
2012-10-26 13:26:28,male
2012-10-26 13:26:52,female
2012-10-26 13:28:36,female
2012-10-26 13:28:53,female
2012-10-26 13:30:07,female
2012-10-26 13:30:32,female
2012-10-26 13:32:41,male
2012-10-26 13:33:34,female
2012-10-26 13:35:40,male
2012-10-26 13:36:14,female
2012-10-26 13:36:17,female
2012-10-26 13:38:08,female
2012-10-26 13:38:20,female
2012-10-26 13:38:45,female
2012-10-26 13:39:59,male
2012-10-26 13:40:12,female
2012-10-26 13:41:58,female
2012-10-26 13:43:59,female
2012-10-26 13:44:29,female
2012-10-26 13:47:02,female
2012-10-26 13:48:09,male
2012-10-26 13:48:12,female
2012-10-26 13:49:07,female
2012-10-26 13:51:04,female
2012-10-26 13:52:28,male
2012-10-26 13:52:58,female
2012-10-26 13:55:55,female
2012-10-26 14:00:03,female
2012-10-26 14:00:34,male
2012-10-26 14:04:28,male
2012-10-26 14:05:54,female
2012-10-26 14:08:30,female
2012-10-26 14:08:33,female
2012-10-26 14:11:28,male
2012-10-26 14:14:46,female
2012-10-26 14:16:04,female
2012-10-26 14:16:17,female
2012-10-26 14:17:12,female
2012-10-26 14:18:00,female
2012-10-26 14:20:35,male
2012-10-26 14:22:19,male
2012-10-26 14:23:10,female
2012-10-26 14:24:44,female
2012-10-26 14:24:47,female
2012-10-26 14:27:46,female
2012-10-26 14:28:27,female
2012-10-26 14:30:28,female
2012-10-26 14:33:01,male
2012-10-26 14:35:58,male
2012-10-26 14:36:50,female
2012-10-26 14:36:52,female
2012-10-26 14:37:55,female
2012-10-26 14:39:29,female
2012-10-26 14:40:05,female
2012-10-26 14:40:41,female
2012-10-26 14:41:31,female
2012-10-26 14:41:45,male
2012-10-26 14:42:24,female
2012-10-26 14:42:30,female
2012-10-26 14:43:16,female
2012-10-26 14:44:56,female
2012-10-26 14:46:14,female
2012-10-26 14:46:29,female
2012-10-26 14:50:23,female
2012-10-26 14:55:01,female
2012-10-26 14:58:12,female
2012-10-26 14:59:58,female
2012-10-26 15:00:11,female
2012-10-26 15:00:55,female
2012-10-26 15:02:10,female
2012-10-26 15:02:53,female
2012-10-26 15:03:56,female
2012-10-26 15:08:09,female
2012-10-26 15:08:22,female
2012-10-26 15:08:52,female
2012-10-26 15:11:22,female
2012-10-26 15:18:03,female
2012-10-26 15:21:37,female
2012-10-26 15:24:17,female
2012-10-26 15:24:25,female
2012-10-26 15:29:01,male
2012-10-26 15:30:21,female
2012-10-26 15:31:25,female
2012-10-26 15:34:12,female
2012-10-26 15:34:32,male
2012-10-26 15:35:24,female
2012-10-26 15:38:01,female
2012-10-26 15:45:22,female
2012-10-26 15:46:29,female
2012-10-26 15:47:25,female
2012-10-26 15:48:48,female
2012-10-26 15:49:12,female
2012-10-26 15:49:51,female
2012-10-26 15:52:08,male
2012-10-26 15:54:13,female
2012-10-26 15:56:02,female
2012-10-26 15:56:25,male
2012-10-26 15:57:36,female
2012-10-26 15:59:48,female
2012-10-26 16:00:46,female
2012-10-26 16:01:36,female
2012-10-26 16:02:04,female
2012-10-26 16:03:28,male
2012-10-26 16:13:41,female
2012-10-26 16:14:46,male
2012-10-26 16:15:38,female
2012-10-26 16:16:11,female
2012-10-26 16:16:54,female
2012-10-26 16:18:06,female
2012-10-26 16:20:43,female
2012-10-26 16:21:06,female
2012-10-26 16:21:53,male
2012-10-26 16:23:33,female
2012-10-26 16:25:57,female
2012-10-26 16:29:00,female
2012-10-26 16:30:31,female
2012-10-26 16:31:53,female
2012-10-26 16:38:21,male
2012-10-26 16:39:12,female
2012-10-26 16:40:46,female
2012-10-26 16:43:44,female
2012-10-26 16:44:02,female
2012-10-26 16:46:05,female
2012-10-26 16:46:36,female
2012-10-26 16:48:21,female
2012-10-26 16:48:46,female
2012-10-26 16:54:23,female
2012-10-26 16:56:51,female
2012-10-26 16:57:26,female
2012-10-26 17:01:08,male
2012-10-26 17:02:40,female
2012-10-26 17:03:34,male
2012-10-26 17:04:06,female
2012-10-26 17:04:44,female
2012-10-26 17:05:54,female
2012-10-26 17:12:35,male
2012-10-26 17:12:55,female
2012-10-26 17:12:57,female
2012-10-26 17:13:24,female
2012-10-26 17:14:27,female
2012-10-26 17:18:17,female
2012-10-26 17:20:22,male
2012-10-26 17:21:14,female
2012-10-26 17:22:39,female
2012-10-26 17:26:17,female
2012-10-26 17:30:30,female
2012-10-26 17:32:02,female
2012-10-26 17:32:29,female
2012-10-26 17:33:15,male
2012-10-26 17:34:08,female
2012-10-26 17:34:38,female
2012-10-26 17:35:53,female
2012-10-26 17:36:39,male
2012-10-26 17:40:15,male
2012-10-26 17:42:58,female
2012-10-26 17:43:48,male
2012-10-26 17:44:09,male
2012-10-26 17:47:21,female
2012-10-26 17:47:51,female
2012-10-26 17:53:38,female
2012-10-26 17:55:24,female
2012-10-26 17:57:45,female
2012-10-26 17:58:48,male
2012-10-26 18:03:33,female
2012-10-26 18:11:47,female
2012-10-26 18:12:32,female
2012-10-26 18:15:04,male
2012-10-26 18:16:18,female
2012-10-26 18:16:58,female
2012-10-26 18:18:40,female
2012-10-26 18:19:57,male
2012-10-26 18:20:58,female
2012-10-26 18:24:32,female
2012-10-26 18:26:08,female
2012-10-26 18:27:14,male
2012-10-26 18:27:44,female
2012-10-26 18:30:36,female
2012-10-26 18:30:48,female
2012-10-26 18:30:52,female
2012-10-26 18:32:32,female
2012-10-26 18:34:54,female
2012-10-26 18:36:11,female
2012-10-26 18:38:29,female
2012-10-26 18:38:58,female
2012-10-26 18:43:00,male
2012-10-26 18:44:56,female
2012-10-26 18:47:31,female
2012-10-26 18:52:44,female
2012-10-26 18:53:08,male
2012-10-26 18:54:49,female
2012-10-26 19:00:04,male
2012-10-26 19:00:21,female
2012-10-26 19:00:27,male
2012-10-26 19:01:20,male
2012-10-26 19:05:12,female
2012-10-26 19:05:40,female
2012-10-26 19:06:10,female
2012-10-26 19:07:39,male
2012-10-26 19:12:53,female
2012-10-26 19:13:11,female
2012-10-26 19:13:33,female
2012-10-26 19:16:03,female
2012-10-26 19:16:11,male
2012-10-26 19:18:50,male
2012-10-26 19:19:46,male
2012-10-26 19:20:37,female
2012-10-26 19:27:18,female
2012-10-26 19:31:01,female
2012-10-26 19:32:01,female
2012-10-26 19:35:05,female
2012-10-26 19:36:43,female
2012-10-26 19:38:42,female
2012-10-26 19:42:19,female
2012-10-26 19:46:54,female
2012-10-26 19:47:20,female
2012-10-26 19:48:59,female
2012-10-26 19:51:10,female
2012-10-26 19:53:01,male
2012-10-26 19:57:07,female
2012-10-26 19:57:27,female
2012-10-26 20:02:02,female
2012-10-26 20:02:06,male
2012-10-26 20:02:30,female
2012-10-26 20:07:37,female
2012-10-26 20:07:52,male
2012-10-26 20:13:08,female
2012-10-26 20:22:58,male
2012-10-26 20:25:51,female
2012-10-26 20:26:37,female
2012-10-26 20:28:13,male
2012-10-26 20:30:51,female
2012-10-26 20:32:28,female
2012-10-26 20:39:49,female
2012-10-26 20:50:58,female
2012-10-26 20:53:34,female
2012-10-26 21:07:20,female
2012-10-26 21:14:32,female
2012-10-26 21:15:23,female
2012-10-26 21:16:40,female
2012-10-26 21:17:21,female
2012-10-26 21:18:30,male
2012-10-26 21:26:25,female
2012-10-26 21:28:46,female
2012-10-26 21:38:54,male
2012-10-26 21:39:30,female
2012-10-26 21:40:10,male
2012-10-26 21:40:26,female
2012-10-26 21:49:06,male
2012-10-26 21:51:56,female
2012-10-26 21:54:56,male
2012-10-26 21:55:58,female
2012-10-26 22:03:01,female
2012-10-26 22:17:06,female
2012-10-26 22:25:06,female
2012-10-26 22:27:12,female
2012-10-26 22:37:58,female
2012-10-26 22:45:12,female
2012-10-26 22:54:47,female
2012-10-26 22:57:53,female
2012-10-26 23:00:20,female
2012-10-27 00:06:24,male
2012-10-27 00:50:55,female
2012-10-27 01:15:43,female
2012-10-27 01:53:30,female
2012-10-27 01:59:49,female
2012-10-27 02:01:39,female
2012-10-27 02:03:42,female
2012-10-27 02:43:31,female
2012-10-27 02:58:59,male
2012-10-27 03:03:29,female
2012-10-27 03:20:22,female
2012-10-27 03:22:46,male
2012-10-27 03:26:22,female
2012-10-27 03:51:39,female
2012-10-27 03:53:22,female
2012-10-27 03:57:55,male
2012-10-27 04:20:36,female
2012-10-27 04:26:53,female
2012-10-27 04:31:27,female
2012-10-27 04:34:34,male
2012-10-27 04:35:55,female
2012-10-27 04:36:40,female
2012-10-27 04:36:53,female
2012-10-27 04:47:01,female
2012-10-27 05:04:38,female
2012-10-27 05:06:16,female
2012-10-27 05:27:50,female
2012-10-27 05:28:35,female
2012-10-27 05:32:41,female
2012-10-27 05:33:50,female
2012-10-27 05:35:27,male
2012-10-27 05:44:20,female
2012-10-27 05:46:48,female
2012-10-27 05:53:20,female
2012-10-27 05:55:45,female
2012-10-27 05:56:02,female
2012-10-27 05:56:15,female
2012-10-27 05:56:32,female
2012-10-27 05:58:10,female
2012-10-27 06:01:46,female
2012-10-27 06:07:12,female
2012-10-27 06:08:21,female
2012-10-27 06:11:31,male
2012-10-27 06:13:01,male
2012-10-27 06:14:44,female
2012-10-27 06:26:54,female
2012-10-27 06:29:38,female
2012-10-27 06:31:49,female
2012-10-27 06:42:29,female
2012-10-27 06:45:12,female
2012-10-27 06:48:06,male
2012-10-27 06:51:37,female
2012-10-27 06:56:09,male
2012-10-27 06:57:03,female
2012-10-27 07:01:03,male
2012-10-27 07:03:04,female
2012-10-27 07:13:10,female
2012-10-27 07:14:14,female
2012-10-27 07:14:47,male
2012-10-27 07:22:37,female
2012-10-27 07:27:27,female
2012-10-27 07:28:35,female
2012-10-27 07:30:55,male
2012-10-27 07:42:55,female
2012-10-27 07:45:47,male
2012-10-27 07:47:33,male
2012-10-27 07:51:06,female
2012-10-27 07:51:44,female
2012-10-27 07:54:02,male
2012-10-27 07:55:24,female
2012-10-27 07:55:46,female
2012-10-27 07:58:36,female
2012-10-27 07:59:29,female
2012-10-27 08:02:23,female
2012-10-27 08:02:49,female
2012-10-27 08:03:14,male
2012-10-27 08:04:17,female
2012-10-27 08:04:52,female
2012-10-27 08:08:34,male
2012-10-27 08:11:36,female
2012-10-27 08:14:08,male
2012-10-27 08:15:12,female
2012-10-27 08:17:55,female
2012-10-27 08:20:09,female
2012-10-27 08:22:00,female
2012-10-27 08:25:04,female
2012-10-27 08:27:17,male
2012-10-27 08:28:33,male
2012-10-27 08:30:55,female
2012-10-27 08:32:33,female
2012-10-27 08:35:23,male
2012-10-27 08:35:56,female
2012-10-27 08:37:07,male
2012-10-27 08:40:39,female
2012-10-27 08:42:50,female
2012-10-27 08:44:04,female
2012-10-27 08:48:00,female
2012-10-27 08:49:42,male
2012-10-27 08:50:27,male
2012-10-27 08:52:25,female
2012-10-27 08:55:21,female
2012-10-27 08:58:55,female
2012-10-27 09:00:22,female
2012-10-27 09:04:54,male
2012-10-27 09:05:00,male
2012-10-27 09:05:52,female
2012-10-27 09:11:26,female
2012-10-27 09:16:20,male
2012-10-27 09:17:31,female
2012-10-27 09:18:23,female
2012-10-27 09:24:32,female
2012-10-27 09:26:09,male
2012-10-27 09:26:38,female
2012-10-27 09:27:35,male
2012-10-27 09:27:51,female
2012-10-27 09:33:10,male
2012-10-27 09:43:36,female
2012-10-27 09:43:57,female
2012-10-27 09:48:42,female
2012-10-27 09:53:30,female
2012-10-27 09:56:09,female
2012-10-27 09:56:17,male
2012-10-27 09:57:55,male
2012-10-27 10:01:05,female
2012-10-27 10:06:27,female
2012-10-27 10:07:22,male
2012-10-27 10:09:27,female
2012-10-27 10:10:42,female
2012-10-27 10:21:15,female
2012-10-27 10:24:52,female
2012-10-27 10:32:08,female
2012-10-27 10:37:57,female
2012-10-27 10:41:48,female
2012-10-27 10:41:51,female
2012-10-27 10:43:12,male
2012-10-27 10:48:08,female
2012-10-27 10:52:21,female
2012-10-27 10:53:03,female
2012-10-27 10:57:25,female
2012-10-27 10:58:08,female
2012-10-27 11:01:07,female
2012-10-27 11:08:18,male
2012-10-27 11:09:26,female
2012-10-27 11:11:25,female
2012-10-27 11:11:39,female
2012-10-27 11:12:10,female
2012-10-27 11:18:04,male
2012-10-27 11:25:53,female
2012-10-27 11:27:42,female
2012-10-27 11:28:41,male
2012-10-27 11:30:59,female
2012-10-27 11:38:52,female
2012-10-27 11:40:56,female
2012-10-27 11:41:14,male
2012-10-27 11:41:20,female
2012-10-27 11:43:35,female
2012-10-27 11:50:19,male
2012-10-27 11:50:51,female
2012-10-27 11:52:09,female
2012-10-27 11:54:54,female
2012-10-27 11:57:37,male
2012-10-27 12:05:15,male
2012-10-27 12:08:18,female
2012-10-27 12:09:05,female
2012-10-27 12:10:11,female
2012-10-27 12:10:17,female
2012-10-27 12:16:22,female
2012-10-27 12:16:57,female
2012-10-27 12:18:22,female
2012-10-27 12:18:23,female
2012-10-27 12:19:00,female
2012-10-27 12:21:35,female
2012-10-27 12:22:39,female
2012-10-27 12:27:56,female
2012-10-27 12:32:58,female
2012-10-27 12:38:11,female
2012-10-27 12:40:10,female
2012-10-27 12:40:53,female
2012-10-27 12:49:49,female
2012-10-27 12:56:30,female
2012-10-27 12:56:30,female
2012-10-27 13:00:17,male
2012-10-27 13:01:27,female
2012-10-27 13:06:48,female
2012-10-27 13:10:06,female
2012-10-27 13:11:35,female
2012-10-27 13:13:49,female
2012-10-27 13:17:26,female
2012-10-27 13:17:48,female
2012-10-27 13:18:30,female
2012-10-27 13:19:20,female
2012-10-27 13:20:01,male
2012-10-27 13:21:20,female
2012-10-27 13:26:46,female
2012-10-27 13:28:46,male
2012-10-27 13:32:30,male
2012-10-27 13:36:17,female
2012-10-27 13:36:28,female
2012-10-27 13:40:39,male
2012-10-27 13:45:37,female
2012-10-27 13:47:55,female
2012-10-27 13:53:24,male
2012-10-27 13:54:08,male
2012-10-27 13:57:40,female
2012-10-27 13:59:26,male
2012-10-27 14:01:24,female
2012-10-27 14:02:46,female
2012-10-27 14:04:26,female
2012-10-27 14:04:51,female
2012-10-27 14:05:38,female
2012-10-27 14:06:27,male
2012-10-27 14:08:49,male
2012-10-27 14:12:06,female
2012-10-27 14:12:55,female
2012-10-27 14:15:55,male
2012-10-27 14:17:11,female
2012-10-27 14:21:43,female
2012-10-27 14:24:00,female
2012-10-27 14:30:43,female
2012-10-27 14:34:07,male
2012-10-27 14:35:38,female
2012-10-27 14:40:11,female
2012-10-27 14:40:43,male
2012-10-27 14:40:59,male
2012-10-27 14:42:15,male
2012-10-27 14:43:28,female
2012-10-27 14:44:11,male
2012-10-27 14:44:29,male
2012-10-27 14:44:36,female
2012-10-27 14:45:04,female
2012-10-27 14:46:39,female
2012-10-27 14:47:48,male
2012-10-27 14:47:54,female
2012-10-27 14:50:00,male
2012-10-27 14:52:22,female
2012-10-27 14:56:43,female
2012-10-27 14:58:55,male
2012-10-27 15:02:42,female
2012-10-27 15:03:04,female
2012-10-27 15:03:48,female
2012-10-27 15:05:01,female
2012-10-27 15:06:43,female
2012-10-27 15:09:30,male
2012-10-27 15:10:40,female
2012-10-27 15:18:59,female
2012-10-27 15:19:11,female
2012-10-27 15:20:53,female
2012-10-27 15:24:38,female
2012-10-27 15:25:00,female
2012-10-27 15:26:03,male
2012-10-27 15:26:24,female
2012-10-27 15:29:07,female
2012-10-27 15:29:09,female
2012-10-27 15:29:10,female
2012-10-27 15:30:54,female
2012-10-27 15:30:59,female
2012-10-27 15:31:36,female
2012-10-27 15:32:58,male
2012-10-27 15:36:36,female
2012-10-27 15:39:39,female
2012-10-27 15:41:22,female
2012-10-27 15:43:32,female
2012-10-27 15:43:43,female
2012-10-27 15:45:41,male
2012-10-27 15:58:24,male
2012-10-27 16:00:09,female
2012-10-27 16:02:53,female
2012-10-27 16:03:21,female
2012-10-27 16:04:09,female
2012-10-27 16:07:34,male
2012-10-27 16:07:39,male
2012-10-27 16:09:35,female
2012-10-27 16:10:18,female
2012-10-27 16:10:25,female
2012-10-27 16:13:34,male
2012-10-27 16:13:44,male
2012-10-27 16:15:27,female
2012-10-27 16:16:37,female
2012-10-27 16:17:21,male
2012-10-27 16:18:29,female
2012-10-27 16:18:48,female
2012-10-27 16:20:08,female
2012-10-27 16:23:55,female
2012-10-27 16:26:16,female
2012-10-27 16:28:11,female
2012-10-27 16:30:01,female
2012-10-27 16:33:31,female
2012-10-27 16:36:36,female
2012-10-27 16:38:01,female
2012-10-27 16:39:32,female
2012-10-27 16:41:55,male
2012-10-27 16:42:23,female
2012-10-27 16:43:46,female
2012-10-27 16:44:53,female
2012-10-27 16:44:57,female
2012-10-27 16:45:15,female
2012-10-27 16:53:32,female
2012-10-27 16:53:42,female
2012-10-27 16:54:51,male
2012-10-27 16:55:50,female
2012-10-27 16:57:20,female
2012-10-27 16:57:40,female
2012-10-27 16:58:12,female
2012-10-27 17:00:36,female
2012-10-27 17:01:51,female
2012-10-27 17:02:27,female
2012-10-27 17:03:46,male
2012-10-27 17:05:58,male
2012-10-27 17:11:00,female
2012-10-27 17:13:14,female
2012-10-27 17:13:40,female
2012-10-27 17:14:00,female
2012-10-27 17:19:16,female
2012-10-27 17:19:31,female
2012-10-27 17:19:36,male
2012-10-27 17:19:53,female
2012-10-27 17:24:00,female
2012-10-27 17:26:30,female
2012-10-27 17:28:48,female
2012-10-27 17:33:28,female
2012-10-27 17:35:09,female
2012-10-27 17:42:04,female
2012-10-27 17:43:19,female
2012-10-27 17:49:13,male
2012-10-27 17:50:35,female
2012-10-27 17:51:14,female
2012-10-27 17:51:35,male
2012-10-27 17:53:42,female
2012-10-27 17:56:07,female
2012-10-27 17:59:45,male
2012-10-27 18:05:22,female
2012-10-27 18:07:39,female
2012-10-27 18:08:08,female
2012-10-27 18:12:27,female
2012-10-27 18:13:37,female
2012-10-27 18:16:06,female
2012-10-27 18:17:35,female
2012-10-27 18:18:05,female
2012-10-27 18:19:27,female
2012-10-27 18:19:31,female
2012-10-27 18:20:05,female
2012-10-27 18:22:20,female
2012-10-27 18:22:42,male
2012-10-27 18:22:48,female
2012-10-27 18:25:24,female
2012-10-27 18:27:21,female
2012-10-27 18:28:04,female
2012-10-27 18:29:24,female
2012-10-27 18:34:17,female
2012-10-27 18:37:00,female
2012-10-27 18:38:19,female
2012-10-27 18:40:05,female
2012-10-27 18:41:36,female
2012-10-27 18:50:31,female
2012-10-27 18:52:51,female
2012-10-27 18:54:28,male
2012-10-27 19:00:08,female
2012-10-27 19:01:54,female
2012-10-27 19:04:20,female
2012-10-27 19:07:21,female
2012-10-27 19:10:35,male
2012-10-27 19:10:50,female
2012-10-27 19:17:43,female
2012-10-27 19:19:52,female
2012-10-27 19:20:27,female
2012-10-27 19:27:08,female
2012-10-27 19:28:07,female
2012-10-27 19:30:14,female
2012-10-27 19:30:35,female
2012-10-27 19:31:58,female
2012-10-27 19:37:59,female
2012-10-27 19:40:43,female
2012-10-27 19:50:47,female
2012-10-27 20:10:10,female
2012-10-27 20:10:42,male
2012-10-27 20:15:03,female
2012-10-27 20:19:01,female
2012-10-27 20:19:51,female
2012-10-27 20:20:28,female
2012-10-27 20:21:43,female
2012-10-27 20:25:16,female
2012-10-27 20:26:55,female
2012-10-27 20:28:06,female
2012-10-27 20:29:06,female
2012-10-27 20:32:38,male
2012-10-27 20:33:36,female
2012-10-27 20:33:57,male
2012-10-27 20:34:30,male
2012-10-27 20:34:53,female
2012-10-27 20:37:33,male
2012-10-27 20:42:00,female
2012-10-27 20:44:45,female
2012-10-27 20:45:48,female
2012-10-27 20:47:35,female
2012-10-27 20:48:15,male
2012-10-27 20:48:46,female
2012-10-27 20:51:24,female
2012-10-27 20:56:32,female
2012-10-27 21:09:38,female
2012-10-27 21:14:20,male
2012-10-27 21:15:03,female
2012-10-27 21:16:06,male
2012-10-27 21:21:10,female
2012-10-27 21:24:08,female
2012-10-27 21:26:09,female
2012-10-27 21:43:14,female
2012-10-27 21:48:51,female
2012-10-27 21:52:00,female
2012-10-27 22:05:36,female
2012-10-27 22:14:06,female
2012-10-27 22:16:09,female
2012-10-27 22:45:33,female
2012-10-27 22:55:35,female
2012-10-27 22:58:32,female
2012-10-27 23:07:52,male
2012-10-27 23:08:28,female
2012-10-27 23:11:46,male
2012-10-27 23:14:00,female
2012-10-27 23:24:25,female
2012-10-28 01:05:23,female
2012-10-28 01:44:59,male
2012-10-28 02:12:07,female
2012-10-28 02:30:56,female
2012-10-28 02:32:55,male
2012-10-28 02:36:39,female
2012-10-28 02:48:25,female
2012-10-28 02:50:25,female
2012-10-28 03:07:24,female
2012-10-28 03:10:02,female
2012-10-28 03:11:55,male
2012-10-28 03:23:10,female
2012-10-28 03:25:36,female
2012-10-28 03:35:01,female
2012-10-28 03:36:21,female
2012-10-28 03:37:40,female
2012-10-28 03:41:46,female
2012-10-28 03:49:36,female
2012-10-28 03:56:27,female
2012-10-28 03:58:55,female
2012-10-28 04:07:45,female
2012-10-28 04:13:55,female
2012-10-28 04:15:26,female
2012-10-28 04:15:34,female
2012-10-28 04:23:08,male
2012-10-28 04:24:23,female
2012-10-28 04:34:05,female
2012-10-28 04:44:35,female
2012-10-28 04:46:12,male
2012-10-28 04:48:03,male
2012-10-28 04:55:32,female
2012-10-28 04:56:37,male
2012-10-28 05:03:01,male
2012-10-28 05:03:13,female
2012-10-28 05:06:37,female
2012-10-28 05:11:16,female
2012-10-28 05:16:59,male
2012-10-28 05:22:24,female
2012-10-28 05:24:58,male
2012-10-28 05:25:42,female
2012-10-28 05:25:47,female
2012-10-28 05:27:46,female
2012-10-28 05:30:24,female
2012-10-28 05:30:40,male
2012-10-28 05:30:40,female
2012-10-28 05:33:04,female
2012-10-28 05:33:49,female
2012-10-28 05:38:52,female
2012-10-28 05:51:55,male
2012-10-28 05:55:57,female
2012-10-28 05:56:47,female
2012-10-28 06:01:39,female
2012-10-28 06:02:13,male
2012-10-28 06:11:29,female
2012-10-28 06:14:33,male
2012-10-28 06:20:38,male
2012-10-28 06:26:50,female
2012-10-28 06:31:19,female
2012-10-28 06:31:47,female
2012-10-28 06:33:13,female
2012-10-28 06:35:17,female
2012-10-28 06:41:40,female
2012-10-28 06:46:31,female
2012-10-28 06:50:15,male
2012-10-28 06:53:49,male
2012-10-28 06:56:28,female
2012-10-28 06:57:25,male
2012-10-28 06:57:49,male
2012-10-28 07:03:03,male
2012-10-28 07:06:05,male
2012-10-28 07:08:14,male
2012-10-28 07:09:15,female
2012-10-28 07:09:19,male
2012-10-28 07:09:37,female
2012-10-28 07:12:25,male
2012-10-28 07:13:34,female
2012-10-28 07:15:21,female
2012-10-28 07:16:01,female
2012-10-28 07:17:22,male
2012-10-28 07:19:36,male
2012-10-28 07:19:43,female
2012-10-28 07:20:11,female
2012-10-28 07:26:29,female
2012-10-28 07:26:53,female
2012-10-28 07:29:07,female
2012-10-28 07:29:19,male
2012-10-28 07:29:48,male
2012-10-28 07:34:11,female
2012-10-28 07:35:36,female
2012-10-28 07:35:50,female
2012-10-28 07:39:13,female
2012-10-28 07:42:34,female
2012-10-28 07:43:26,female
2012-10-28 07:46:29,female
2012-10-28 07:46:29,male
2012-10-28 07:46:46,female
2012-10-28 07:47:52,female
2012-10-28 07:48:19,female
2012-10-28 07:54:28,male
2012-10-28 07:56:44,female
2012-10-28 08:04:44,female
2012-10-28 08:06:42,female
2012-10-28 08:09:05,female
2012-10-28 08:09:40,female
2012-10-28 08:14:54,female
2012-10-28 08:17:51,male
2012-10-28 08:18:55,female
2012-10-28 08:21:18,female
2012-10-28 08:22:56,female
2012-10-28 08:26:19,female
2012-10-28 08:26:59,female
2012-10-28 08:29:51,female
2012-10-28 08:30:22,female
2012-10-28 08:32:17,female
2012-10-28 08:32:58,female
2012-10-28 08:44:38,female
2012-10-28 08:50:50,female
2012-10-28 08:51:24,female
2012-10-28 08:55:52,male
2012-10-28 08:57:22,female
2012-10-28 08:58:03,male
2012-10-28 08:58:46,female
2012-10-28 09:00:11,male
2012-10-28 09:02:02,female
2012-10-28 09:04:06,female
2012-10-28 09:04:26,female
2012-10-28 09:09:17,female
2012-10-28 09:14:47,female
2012-10-28 09:15:05,male
2012-10-28 09:15:54,female
2012-10-28 09:15:56,male
2012-10-28 09:18:24,female
2012-10-28 09:18:24,female
2012-10-28 09:24:46,female
2012-10-28 09:34:01,male
2012-10-28 09:34:32,female
2012-10-28 09:38:34,female
2012-10-28 09:38:54,female
2012-10-28 09:39:14,female
2012-10-28 09:40:46,female
2012-10-28 09:40:49,female
2012-10-28 09:54:20,female
2012-10-28 09:58:00,male
2012-10-28 09:59:37,male
2012-10-28 10:02:40,female
2012-10-28 10:06:43,female
2012-10-28 10:09:07,female
2012-10-28 10:10:23,female
2012-10-28 10:17:37,female
2012-10-28 10:21:33,male
2012-10-28 10:22:30,female
2012-10-28 10:26:30,female
2012-10-28 10:27:04,female
2012-10-28 10:28:24,female
2012-10-28 10:31:30,male
2012-10-28 10:31:32,female
2012-10-28 10:32:03,male
2012-10-28 10:35:19,female
2012-10-28 10:35:27,female
2012-10-28 10:37:25,female
2012-10-28 10:38:21,female
2012-10-28 10:39:45,male
2012-10-28 10:40:48,female
2012-10-28 10:41:05,female
2012-10-28 10:41:21,female
2012-10-28 10:41:33,female
2012-10-28 10:42:35,male
2012-10-28 10:47:53,female
2012-10-28 10:50:16,female
2012-10-28 10:51:13,female
2012-10-28 10:51:54,female
2012-10-28 10:53:20,female
2012-10-28 10:53:47,female
2012-10-28 10:56:12,female
2012-10-28 10:59:34,female
2012-10-28 11:00:08,female
2012-10-28 11:04:54,female
2012-10-28 11:07:54,female
2012-10-28 11:09:19,female
2012-10-28 11:12:23,female
2012-10-28 11:13:11,male
2012-10-28 11:13:31,female
2012-10-28 11:14:54,male
2012-10-28 11:17:50,male
2012-10-28 11:20:27,female
2012-10-28 11:23:20,male
2012-10-28 11:23:37,female
2012-10-28 11:25:32,female
2012-10-28 11:27:01,female
2012-10-28 11:27:08,female
2012-10-28 11:31:10,male
2012-10-28 11:32:58,female
2012-10-28 11:34:14,female
2012-10-28 11:40:20,male
2012-10-28 11:41:16,female
2012-10-28 11:41:21,female
2012-10-28 11:45:03,female
2012-10-28 11:45:44,male
2012-10-28 11:46:01,female
2012-10-28 11:49:19,male
2012-10-28 11:51:20,male
2012-10-28 11:51:43,female
2012-10-28 11:52:00,female
2012-10-28 12:03:31,female
2012-10-28 12:07:04,female
2012-10-28 12:09:49,female
2012-10-28 12:11:57,female
2012-10-28 12:12:07,female
2012-10-28 12:12:49,female
2012-10-28 12:18:41,female
2012-10-28 12:22:47,male
2012-10-28 12:23:17,female
2012-10-28 12:27:27,female
2012-10-28 12:28:19,male
2012-10-28 12:28:57,male
2012-10-28 12:29:11,male
2012-10-28 12:31:30,male
2012-10-28 12:33:43,male
2012-10-28 12:35:57,female
2012-10-28 12:36:30,male
2012-10-28 12:37:40,female
2012-10-28 12:38:52,female
2012-10-28 12:41:37,female
2012-10-28 12:44:03,female
2012-10-28 12:46:46,male
2012-10-28 12:46:55,female
2012-10-28 12:48:12,female
2012-10-28 12:49:12,female
2012-10-28 12:50:49,female
2012-10-28 12:52:14,male
2012-10-28 12:52:44,female
2012-10-28 12:54:35,male
2012-10-28 12:58:09,male
2012-10-28 12:58:38,female
2012-10-28 13:01:04,female
2012-10-28 13:06:49,female
2012-10-28 13:08:04,female
2012-10-28 13:09:12,female
2012-10-28 13:10:08,female
2012-10-28 13:13:03,female
2012-10-28 13:13:28,male
2012-10-28 13:14:35,female
2012-10-28 13:15:20,male
2012-10-28 13:16:08,female
2012-10-28 13:16:50,male
2012-10-28 13:16:52,female
2012-10-28 13:17:10,male
2012-10-28 13:20:05,female
2012-10-28 13:20:55,female
2012-10-28 13:22:14,female
2012-10-28 13:22:54,female
2012-10-28 13:24:17,female
2012-10-28 13:27:50,female
2012-10-28 13:31:04,male
2012-10-28 13:35:33,male
2012-10-28 13:38:37,female
2012-10-28 13:39:20,male
2012-10-28 13:42:03,female
2012-10-28 13:42:32,female
2012-10-28 13:47:49,female
2012-10-28 13:50:07,female
2012-10-28 13:58:08,female
2012-10-28 14:02:22,male
2012-10-28 14:05:03,female
2012-10-28 14:05:22,female
2012-10-28 14:06:23,male
2012-10-28 14:07:09,male
2012-10-28 14:11:30,male
2012-10-28 14:11:37,female
2012-10-28 14:14:38,female
2012-10-28 14:15:23,male
2012-10-28 14:16:24,female
2012-10-28 14:19:04,male
2012-10-28 14:19:05,female
2012-10-28 14:25:31,female
2012-10-28 14:26:19,male
2012-10-28 14:27:25,female
2012-10-28 14:30:06,female
2012-10-28 14:31:25,female
2012-10-28 14:31:39,male
2012-10-28 14:33:45,male
2012-10-28 14:33:49,female
2012-10-28 14:37:02,female
2012-10-28 14:38:02,female
2012-10-28 14:39:52,female
2012-10-28 14:40:24,female
2012-10-28 14:40:43,female
2012-10-28 14:43:00,male
2012-10-28 14:43:08,male
2012-10-28 14:44:23,female
2012-10-28 14:45:37,female
2012-10-28 14:45:39,female
2012-10-28 14:48:42,female
2012-10-28 14:49:33,female
2012-10-28 14:49:57,female
2012-10-28 14:59:14,female
2012-10-28 15:00:38,female
2012-10-28 15:02:15,female
2012-10-28 15:02:48,female
2012-10-28 15:03:36,female
2012-10-28 15:04:01,female
2012-10-28 15:07:01,female
2012-10-28 15:07:32,female
2012-10-28 15:07:58,female
2012-10-28 15:08:11,male
2012-10-28 15:09:12,female
2012-10-28 15:09:26,female
2012-10-28 15:12:20,female
2012-10-28 15:14:51,female
2012-10-28 15:14:59,female
2012-10-28 15:15:50,female
2012-10-28 15:16:12,female
2012-10-28 15:23:26,male
2012-10-28 15:26:09,male
2012-10-28 15:27:59,male
2012-10-28 15:29:21,male
2012-10-28 15:30:36,female
2012-10-28 15:32:11,female
2012-10-28 15:35:12,female
2012-10-28 15:35:34,female
2012-10-28 15:48:29,female
2012-10-28 15:55:12,female
2012-10-28 16:04:23,female
2012-10-28 16:04:32,female
2012-10-28 16:07:57,female
2012-10-28 16:13:42,female
2012-10-28 16:14:14,female
2012-10-28 16:15:32,male
2012-10-28 16:16:14,female
2012-10-28 16:18:10,female
2012-10-28 16:18:50,female
2012-10-28 16:19:32,female
2012-10-28 16:20:58,female
2012-10-28 16:28:41,male
2012-10-28 16:29:43,female
2012-10-28 16:36:33,female
2012-10-28 16:38:00,female
2012-10-28 16:39:35,female
2012-10-28 16:40:11,female
2012-10-28 16:44:31,female
2012-10-28 16:46:14,female
2012-10-28 16:47:52,female
2012-10-28 16:49:02,male
2012-10-28 16:50:29,female
2012-10-28 16:51:43,female
2012-10-28 16:59:22,male
2012-10-28 17:02:04,female
2012-10-28 17:02:57,female
2012-10-28 17:05:18,female
2012-10-28 17:08:01,female
2012-10-28 17:09:14,male
2012-10-28 17:16:35,female
2012-10-28 17:17:20,male
2012-10-28 17:17:46,female
2012-10-28 17:19:16,male
2012-10-28 17:20:22,female
2012-10-28 17:20:36,female
2012-10-28 17:31:45,female
2012-10-28 17:33:35,female
2012-10-28 17:40:42,male
2012-10-28 17:41:26,male
2012-10-28 17:48:07,male
2012-10-28 17:48:30,female
2012-10-28 17:49:19,female
2012-10-28 17:49:44,male
2012-10-28 17:53:07,female
2012-10-28 17:56:39,female
2012-10-28 17:58:24,male
2012-10-28 18:00:14,female
2012-10-28 18:01:30,female
2012-10-28 18:02:32,female
2012-10-28 18:04:24,female
2012-10-28 18:05:30,female
2012-10-28 18:08:36,female
2012-10-28 18:08:50,male
2012-10-28 18:13:34,female
2012-10-28 18:14:13,female
2012-10-28 18:15:19,female
2012-10-28 18:15:35,male
2012-10-28 18:16:03,male
2012-10-28 18:16:22,male
2012-10-28 18:24:39,female
2012-10-28 18:26:57,female
2012-10-28 18:27:26,female
2012-10-28 18:29:52,female
2012-10-28 18:30:39,female
2012-10-28 18:32:03,male
2012-10-28 18:37:14,male
2012-10-28 18:37:36,female
2012-10-28 18:38:03,female
2012-10-28 18:38:19,male
2012-10-28 18:38:38,female
2012-10-28 18:39:53,female
2012-10-28 18:41:31,female
2012-10-28 18:42:17,female
2012-10-28 18:42:28,female
2012-10-28 18:45:38,female
2012-10-28 18:48:00,female
2012-10-28 18:59:45,female
2012-10-28 19:00:14,female
2012-10-28 19:03:05,female
2012-10-28 19:03:44,male
2012-10-28 19:04:59,female
2012-10-28 19:05:22,female
2012-10-28 19:05:39,female
2012-10-28 19:05:56,male
2012-10-28 19:09:59,female
2012-10-28 19:11:21,male
2012-10-28 19:11:58,male
2012-10-28 19:12:02,female
2012-10-28 19:12:13,male
2012-10-28 19:15:12,female
2012-10-28 19:16:54,female
2012-10-28 19:17:36,female
2012-10-28 19:20:17,female
2012-10-28 19:20:47,female
2012-10-28 19:21:23,female
2012-10-28 19:21:33,female
2012-10-28 19:22:14,female
2012-10-28 19:25:12,female
2012-10-28 19:27:05,male
2012-10-28 19:28:55,female
2012-10-28 19:30:10,male
2012-10-28 19:30:17,female
2012-10-28 19:31:57,male
2012-10-28 19:32:50,female
2012-10-28 19:37:04,male
2012-10-28 19:40:49,female
2012-10-28 19:41:02,female
2012-10-28 19:42:10,male
2012-10-28 19:44:50,female
2012-10-28 19:44:54,female
2012-10-28 19:46:30,female
2012-10-28 19:54:07,female
2012-10-28 19:56:08,female
2012-10-28 20:02:08,male
2012-10-28 20:10:23,female
2012-10-28 20:13:56,male
2012-10-28 20:16:19,female
2012-10-28 20:18:04,female
2012-10-28 20:18:47,female
2012-10-28 20:21:59,female
2012-10-28 20:22:54,male
2012-10-28 20:23:26,female
2012-10-28 20:24:22,female
2012-10-28 20:25:00,male
2012-10-28 20:25:04,male
2012-10-28 20:28:30,female
2012-10-28 20:29:07,female
2012-10-28 20:29:49,female
2012-10-28 20:30:28,female
2012-10-28 20:30:51,male
2012-10-28 20:30:53,female
2012-10-28 20:41:06,female
2012-10-28 20:41:43,female
2012-10-28 20:48:27,female
2012-10-28 20:51:49,female
2012-10-28 20:53:50,male
2012-10-28 20:57:13,female
2012-10-28 20:59:31,male
2012-10-28 21:00:31,female
2012-10-28 21:02:27,male
2012-10-28 21:07:55,male
2012-10-28 21:12:36,female
2012-10-28 21:12:52,female
2012-10-28 21:13:06,female
2012-10-28 21:15:12,male
2012-10-28 21:16:29,male
2012-10-28 21:20:12,male
2012-10-28 21:30:44,female
2012-10-28 21:31:21,male
2012-10-28 21:35:12,female
2012-10-28 21:44:26,female
2012-10-28 21:46:19,male
2012-10-28 21:49:04,male
2012-10-28 21:51:15,female
2012-10-28 21:54:08,female
2012-10-28 22:10:14,male
2012-10-28 22:17:21,female
2012-10-28 22:21:12,female
2012-10-28 22:24:21,female
2012-10-28 22:35:39,male
2012-10-28 22:37:17,female
2012-10-28 22:39:23,female
2012-10-28 22:55:17,female
2012-10-28 23:17:57,male
2012-10-28 23:37:17,female
2012-10-28 23:37:27,female
2012-10-28 23:41:01,female
